INTERSECTION_NAME,INTERSECTION_X,INTERSECTION_Y,GRAPH_NODE_COUNT,MAX_GRAPH_DEGREE,BRANCH_COUNT,DIRECTION_GROUP_COUNT,geometry_wkt
Intersection 1,482322.50572179235,7513865.584463101,35,5,63,6,"POLYGON ((116.828196 -22.482, 116.827971 -22.481881, 116.827659 -22.481631, 116.827652 -22.481624, 116.827659 -22.481477, 116.827962 -22.481085, 116.828131 -22.48104, 116.828228 -22.48104, 116.828265 -22.481045, 116.828431 -22.481097, 116.828646 -22.481655, 116.828481 -22.481808, 116.82839 -22.48188, 116.828196 -22.482))"
Intersection 2,481793.44923518744,7512702.652116773,28,4,63,6,"POLYGON ((116.822916 -22.492498, 116.822751 -22.492344, 116.822703 -22.492028, 116.822703 -22.491757, 116.822752 -22.491622, 116.822869 -22.491513, 116.822917 -22.491513, 116.823277 -22.491617, 116.823276 -22.492345, 116.823242 -22.492421, 116.823201 -22.492459, 116.822965 -22.492498, 116.822916 -22.492498))"
Intersection 3,483312.5417956938,7512370.414826902,15,4,55,6,"POLYGON ((116.83769 -22.495495, 116.837573 -22.495386, 116.8374 -22.494773, 116.837428 -22.494709, 116.837496 -22.4946, 116.837586 -22.49457, 116.837635 -22.49457, 116.837788 -22.494601, 116.83787 -22.494632, 116.837885 -22.494646, 116.838002 -22.494754, 116.838016 -22.494768, 116.838065 -22.494858, 116.838099 -22.494935, 116.838098 -22.495251, 116.838015 -22.495373, 116.837918 -22.495463, 116.837836 -22.495495, 116.83769 -22.495495))"
Intersection 4,483618.9941315763,7513217.736057624,18,3,55,6,"POLYGON ((116.840469 -22.487638, 116.840353 -22.48762, 116.84027 -22.487563, 116.840256 -22.487439, 116.840256 -22.487394, 116.840268 -22.487262, 116.840344 -22.48721, 116.84047 -22.48715, 116.840616 -22.487105, 116.841102 -22.487106, 116.841184 -22.487137, 116.841233 -22.487183, 116.84126 -22.487447, 116.841233 -22.487472, 116.841184 -22.487517, 116.841087 -22.487562, 116.841004 -22.487593, 116.84081 -22.487638, 116.840469 -22.487638))"
Intersection 5,515802.30619808834,7510277.213145347,15,4,53,6,"POLYGON ((117.153679 -22.514429, 117.153268 -22.514204, 117.153268 -22.513987, 117.153318 -22.51359, 117.153512 -22.513445, 117.153532 -22.513445, 117.153741 -22.513476, 117.15394 -22.513553, 117.154038 -22.51414, 117.154038 -22.51423, 117.154004 -22.514307, 117.153955 -22.514352, 117.153727 -22.514429, 117.153679 -22.514429))"
Intersection 6,484502.93389950914,7513360.7150406595,43,4,47,6,"POLYGON ((116.849243 -22.486562, 116.848861 -22.486217, 116.848861 -22.486047, 116.848958 -22.485782, 116.849378 -22.48557, 116.849416 -22.485578, 116.849654 -22.485726, 116.849804 -22.486075, 116.849823 -22.486138, 116.849823 -22.486183, 116.849804 -22.486292, 116.849525 -22.486563, 116.849243 -22.486562))"
Intersection 7,512448.7223298141,7511552.570373195,15,5,46,6,"POLYGON ((117.121144 -22.502849, 117.121115 -22.502845, 117.120852 -22.502804, 117.120769 -22.502772, 117.120735 -22.502756, 117.120687 -22.502695, 117.120597 -22.502578, 117.120556 -22.502476, 117.120596 -22.502361, 117.120638 -22.502244, 117.121172 -22.502059, 117.121406 -22.502059, 117.121472 -22.502231, 117.121357 -22.502604, 117.121309 -22.502757, 117.121192 -22.502849, 117.121144 -22.502849))"
Intersection 8,484570.8985585559,7513316.308936646,9,4,46,6,"POLYGON ((116.849808 -22.486924, 116.849656 -22.486563, 116.849656 -22.486346, 116.849823 -22.486075, 116.849964 -22.486062, 116.850047 -22.486075, 116.850129 -22.486107, 116.850226 -22.486152, 116.850338 -22.486211, 116.850357 -22.486545, 116.850357 -22.486636, 116.850323 -22.486712, 116.850237 -22.486823, 116.850095 -22.486879, 116.850061 -22.486893, 116.8499 -22.486924, 116.849808 -22.486924))"
Intersection 9,486445.2098829558,7513167.249000506,5,3,43,6,"POLYGON ((116.868078 -22.488205, 116.86801 -22.488181, 116.867768 -22.487645, 116.867768 -22.487599, 116.867804 -22.487491, 116.867884 -22.487491, 116.868322 -22.487582, 116.868467 -22.487627, 116.868696 -22.487749, 116.86871 -22.487763, 116.868632 -22.488057, 116.868516 -22.48816, 116.868127 -22.488205, 116.868078 -22.488205))"
Intersection 10,482561.35093732196,7513916.536479389,9,3,41,6,"POLYGON ((116.83061 -22.48153, 116.830138 -22.481317, 116.830009 -22.481218, 116.829959 -22.48106, 116.829959 -22.480981, 116.829999 -22.480887, 116.830139 -22.480712, 116.830188 -22.480667, 116.83049 -22.480599, 116.830708 -22.480681, 116.83079 -22.480713, 116.830936 -22.480803, 116.830973 -22.480838, 116.830824 -22.481447, 116.830707 -22.48153, 116.83061 -22.48153))"
Intersection 11,512014.5270855129,7510682.705302476,18,3,40,6,"POLYGON ((117.117004 -22.510815, 117.116804 -22.510749, 117.116415 -22.510617, 117.116415 -22.510558, 117.116463 -22.510033, 117.116684 -22.509873, 117.117018 -22.509862, 117.117023 -22.509862, 117.117232 -22.510018, 117.117232 -22.510061, 117.117086 -22.510693, 117.117052 -22.51077, 117.117004 -22.510815))"
Intersection 12,513221.26630865445,7511164.079124472,19,4,36,6,"POLYGON ((117.128633 -22.506321, 117.128244 -22.506186, 117.12815 -22.506011, 117.128064 -22.505793, 117.128145 -22.505608, 117.128147 -22.505608, 117.128924 -22.505742, 117.129007 -22.505774, 117.129056 -22.505819, 117.128997 -22.506004, 117.12891 -22.506185, 117.128682 -22.506321, 117.128633 -22.506321))"
Intersection 13,482585.453768333,7514454.546909862,4,3,35,6,"POLYGON ((116.830567 -22.476697, 116.83045 -22.476618, 116.830403 -22.475865, 116.830403 -22.475822, 116.830519 -22.475757, 116.830568 -22.475757, 116.830908 -22.475803, 116.830991 -22.475835, 116.831039 -22.47588, 116.831087 -22.476349, 116.831061 -22.476381, 116.830615 -22.476697, 116.830567 -22.476697))"
Intersection 14,513022.0437132148,7510726.546400121,7,3,35,6,"POLYGON ((117.126466 -22.510403, 117.126349 -22.510376, 117.126322 -22.510364, 117.12622 -22.509571, 117.126269 -22.509525, 117.126708 -22.509479, 117.126906 -22.509556, 117.127118 -22.509934, 117.126984 -22.510071, 117.126629 -22.510356, 117.126547 -22.510388, 117.126466 -22.510403))"
Intersection 15,482557.29029273766,7514861.03343695,5,3,34,6,"POLYGON ((116.830635 -22.472933, 116.830018 -22.472617, 116.830018 -22.472342, 116.830052 -22.472265, 116.830101 -22.47222, 116.830198 -22.472175, 116.830281 -22.472143, 116.830329 -22.472143, 116.830441 -22.472175, 116.830517 -22.472203, 116.830558 -22.472221, 116.830655 -22.472266, 116.830725 -22.472301, 116.830849 -22.472447, 116.830883 -22.472523, 116.830883 -22.472614, 116.830863 -22.472722, 116.830635 -22.472933))"
Intersection 16,481907.1611718654,7510818.2293892335,6,3,32,6,"POLYGON ((116.824005 -22.509378, 116.823833 -22.50927, 116.823714 -22.50919, 116.823718 -22.509052, 116.823751 -22.508832, 116.823785 -22.508756, 116.823834 -22.508711, 116.824373 -22.50877, 116.82447 -22.508878, 116.82447 -22.509014, 116.824436 -22.509163, 116.82435 -22.509246, 116.82427 -22.509316, 116.824068 -22.509378, 116.824005 -22.509378))"
Intersection 17,515783.4643526281,7509833.88190635,6,3,31,6,"POLYGON ((117.15378 -22.518359, 117.153148 -22.518134, 117.153057 -22.518089, 117.152956 -22.517907, 117.152999 -22.517809, 117.153345 -22.517556, 117.153439 -22.517555, 117.153491 -22.517567, 117.153799 -22.517684, 117.153897 -22.518251, 117.153897 -22.518296, 117.153867 -22.518359, 117.15378 -22.518359))"
Intersection 18,481665.21460943564,7511967.302269958,12,4,29,6,"POLYGON ((116.821984 -22.499047, 116.821902 -22.499015, 116.821416 -22.498698, 116.821266 -22.498567, 116.821236 -22.498531, 116.821236 -22.498428, 116.821308 -22.498377, 116.821492 -22.498257, 116.8217 -22.498354, 116.821936 -22.498472, 116.82213 -22.498592, 116.822204 -22.498864, 116.822138 -22.498984, 116.822032 -22.499047, 116.821984 -22.499047))"
Intersection 19,481718.8733481384,7512757.771829311,3,3,29,6,"POLYGON ((116.822117 -22.49193, 116.821925 -22.491846, 116.821925 -22.491756, 116.821945 -22.491512, 116.822169 -22.491084, 116.822181 -22.491076, 116.822402 -22.491084, 116.822525 -22.491208, 116.822629 -22.491402, 116.822645 -22.491621, 116.822645 -22.491667, 116.822117 -22.49193))"
Intersection 20,515954.0496882703,7510112.2240025485,8,3,29,6,"POLYGON ((117.155292 -22.515723, 117.155201 -22.515709, 117.154979 -22.515641, 117.15484 -22.515536, 117.154764 -22.51539, 117.15473 -22.515314, 117.15473 -22.515136, 117.154801 -22.51507, 117.154846 -22.51507, 117.155561 -22.51543, 117.15561 -22.515507, 117.155562 -22.515647, 117.155292 -22.515723))"
Intersection 21,484283.8858378788,7517927.221849108,24,4,27,6,"POLYGON ((116.847253 -22.445192, 116.846874 -22.444981, 116.846897 -22.444654, 116.846912 -22.444492, 116.846917 -22.444489, 116.84706 -22.444415, 116.847094 -22.444412, 116.847293 -22.444416, 116.847702 -22.444923, 116.847702 -22.44514, 116.847564 -22.445185, 116.847486 -22.445192, 116.847253 -22.445192))"
Intersection 22,482007.3179663599,7511505.496375229,3,3,27,6,"POLYGON ((116.82473 -22.503167, 116.82473 -22.503097, 116.824765 -22.502632, 116.82478 -22.502555, 116.824828 -22.502397, 116.825062 -22.502397, 116.825547 -22.502917, 116.825547 -22.50295, 116.825353 -22.503098, 116.824964 -22.503167, 116.82473 -22.503167))"
Intersection 23,482261.26459784224,7512884.1862537805,5,3,27,6,"POLYGON ((116.827252 -22.490696, 116.827176 -22.490587, 116.827177 -22.490497, 116.827245 -22.490298, 116.827394 -22.490129, 116.827473 -22.490105, 116.827627 -22.490088, 116.827731 -22.490118, 116.827814 -22.49015, 116.827959 -22.490241, 116.82803 -22.490306, 116.827865 -22.490459, 116.827293 -22.490696, 116.827252 -22.490696))"
Intersection 24,477954.59244693455,7514110.299315598,4,3,26,6,"POLYGON ((116.785611 -22.479519, 116.785487 -22.479471, 116.785403 -22.479422, 116.78539 -22.479335, 116.785391 -22.4792, 116.785425 -22.479123, 116.785511 -22.479012, 116.785605 -22.478956, 116.785927 -22.478956, 116.785979 -22.479273, 116.785978 -22.479489, 116.785611 -22.479519))"
Intersection 25,483139.90133762476,7512984.1163845,2,3,26,6,"POLYGON ((116.835946 -22.489756, 116.83583 -22.489693, 116.835658 -22.489575, 116.835658 -22.489359, 116.835801 -22.489314, 116.836336 -22.489224, 116.836519 -22.489224, 116.836519 -22.489441, 116.836283 -22.4897, 116.835995 -22.489757, 116.835946 -22.489756))"
Intersection 26,514989.83133459446,7510125.3890703935,2,3,26,6,"POLYGON ((117.145493 -22.515728, 117.145429 -22.515128, 117.145452 -22.514943, 117.145511 -22.514943, 117.146046 -22.515078, 117.146175 -22.515123, 117.146178 -22.515155, 117.146175 -22.51534, 117.145726 -22.515728, 117.145493 -22.515728))"
Intersection 27,512670.1469603485,7511162.203852382,4,3,26,6,"POLYGON ((117.123067 -22.506393, 117.122877 -22.506307, 117.122704 -22.506113, 117.122808 -22.505919, 117.123325 -22.505529, 117.123499 -22.505629, 117.123621 -22.505792, 117.123621 -22.506009, 117.123067 -22.506393))"
Intersection 28,482449.22776342696,7511312.181077161,4,5,25,6,"POLYGON ((116.82943 -22.50489, 116.828991 -22.504791, 116.828991 -22.504574, 116.829512 -22.504213, 116.829561 -22.504213, 116.829678 -22.504262, 116.829678 -22.504322, 116.829646 -22.504535, 116.829572 -22.504741, 116.82943 -22.50489))"
Intersection 29,481635.7662654078,7512626.665971168,2,3,25,6,"POLYGON ((116.82136 -22.493174, 116.821243 -22.493124, 116.821181 -22.49251, 116.821256 -22.492325, 116.821263 -22.492325, 116.821691 -22.492335, 116.821856 -22.492488, 116.821622 -22.49293, 116.821539 -22.493052, 116.821476 -22.493124, 116.821408 -22.493174, 116.82136 -22.493174))"
Intersection 30,483747.699408701,7513300.794396464,8,3,25,6,"POLYGON ((116.841991 -22.487129, 116.841812 -22.487034, 116.841812 -22.486989, 116.841815 -22.486248, 116.842083 -22.486236, 116.842289 -22.486312, 116.842291 -22.486333, 116.842289 -22.486357, 116.842108 -22.486913, 116.842059 -22.487021, 116.842011 -22.487111, 116.841991 -22.487129))"
Intersection 31,485451.7294073889,7512888.022594708,3,3,25,6,"POLYGON ((116.858556 -22.490712, 116.858347 -22.490615, 116.858128 -22.490455, 116.858128 -22.490238, 116.858871 -22.490032, 116.858975 -22.490226, 116.858923 -22.490451, 116.858758 -22.490605, 116.858556 -22.490712))"
Intersection 32,481952.3387961033,7512438.941664359,3,4,24,6,"POLYGON ((116.824498 -22.494745, 116.824088 -22.494532, 116.823996 -22.494451, 116.824018 -22.494389, 116.824088 -22.494315, 116.82468 -22.493973, 116.824711 -22.493956, 116.824878 -22.494063, 116.824931 -22.494453, 116.824856 -22.494659, 116.824731 -22.494745, 116.824498 -22.494745))"
Intersection 33,484242.4453555127,7517707.461303672,23,4,24,6,"POLYGON ((116.846862 -22.447192, 116.846477 -22.446946, 116.846362 -22.446733, 116.846328 -22.446656, 116.846328 -22.446611, 116.846364 -22.446573, 116.846393 -22.446559, 116.847111 -22.446517, 116.847208 -22.446535, 116.84729 -22.446612, 116.8473 -22.446861, 116.847095 -22.447192, 116.846862 -22.447192))"
Intersection 34,485604.0674702829,7513322.311454902,8,4,20,6,"POLYGON ((116.859988 -22.486912, 116.859977 -22.486902, 116.859894 -22.486735, 116.859877 -22.486295, 116.859951 -22.48609, 116.859992 -22.486031, 116.859998 -22.486023, 116.860225 -22.486031, 116.860225 -22.486057, 116.860176 -22.486825, 116.859988 -22.486912))"
Intersection 35,496254.28794499225,7512181.28770974,89,5,96,5,"POLYGON ((116.963736 -22.497244, 116.96359 -22.497199, 116.963508 -22.497167, 116.963313 -22.497076, 116.963125 -22.496927, 116.96304 -22.496793, 116.963088 -22.496612, 116.963168 -22.496471, 116.963216 -22.496426, 116.963272 -22.496394, 116.963347 -22.496394, 116.963542 -22.49644, 116.963882 -22.49653, 116.963965 -22.496562, 116.964013 -22.496607, 116.964083 -22.496733, 116.964098 -22.496795, 116.964096 -22.496929, 116.963947 -22.497167, 116.963819 -22.497244, 116.963736 -22.497244))"
Intersection 36,496765.4939632926,7512004.910773142,164,4,79,5,"POLYGON ((116.968743 -22.498826, 116.968159 -22.498645, 116.968077 -22.498613, 116.968028 -22.498568, 116.968006 -22.498443, 116.968003 -22.498359, 116.968007 -22.498353, 116.968077 -22.498234, 116.968126 -22.498189, 116.96816 -22.498157, 116.968451 -22.497977, 116.968597 -22.497977, 116.96884 -22.498067, 116.968923 -22.498099, 116.968963 -22.498136, 116.969046 -22.498532, 116.968948 -22.498758, 116.96884 -22.498826, 116.968743 -22.498826))"
Intersection 37,500954.6370154769,7510653.990057505,25,4,79,5,"POLYGON ((117.009383 -22.511024, 117.008945 -22.510889, 117.008863 -22.510857, 117.008814 -22.510812, 117.008744 -22.510682, 117.00873 -22.510586, 117.008737 -22.510566, 117.00878 -22.510464, 117.008871 -22.510356, 117.009043 -22.510175, 117.00914 -22.510175, 117.009431 -22.510266, 117.009675 -22.510356, 117.009757 -22.510388, 117.009772 -22.510402, 117.009816 -22.510716, 117.009779 -22.510784, 117.009645 -22.510947, 117.009529 -22.511024, 117.009383 -22.511024))"
Intersection 38,497329.11376194406,7511817.24060374,61,4,75,5,"POLYGON ((116.974333 -22.500453, 116.973604 -22.500227, 116.973521 -22.500195, 116.973518 -22.500192, 116.973493 -22.500084, 116.973548 -22.499889, 116.973597 -22.499799, 116.973695 -22.499739, 116.973701 -22.499739, 116.974333 -22.49992, 116.974473 -22.499965, 116.974578 -22.500131, 116.974541 -22.500243, 116.974492 -22.500379, 116.974386 -22.500453, 116.974333 -22.500453))"
Intersection 39,498199.24678174156,7511544.846657799,473,4,75,5,"POLYGON ((116.982742 -22.502893, 116.982159 -22.502712, 116.982077 -22.502681, 116.982053 -22.502667, 116.982028 -22.502635, 116.981951 -22.502525, 116.981994 -22.50236, 116.982128 -22.502225, 116.982208 -22.502225, 116.982694 -22.50236, 116.98284 -22.502405, 116.982928 -22.502451, 116.983005 -22.502559, 116.983011 -22.502644, 116.982993 -22.502743, 116.982944 -22.502833, 116.982856 -22.502893, 116.982742 -22.502893))"
Intersection 40,501145.3145799624,7510583.437666079,36,4,74,5,"POLYGON ((117.011328 -22.511612, 117.010744 -22.511431, 117.010627 -22.511322, 117.010589 -22.511233, 117.010665 -22.510988, 117.010728 -22.510935, 117.010826 -22.510853, 117.010841 -22.510853, 117.011425 -22.511033, 117.011568 -22.511078, 117.011682 -22.51122, 117.011626 -22.511461, 117.011578 -22.511552, 117.011473 -22.511612, 117.011328 -22.511612))"
Intersection 41,500199.19570052077,7510905.216063608,47,4,74,5,"POLYGON ((117.002188 -22.508676, 117.002042 -22.508631, 117.001507 -22.50845, 117.001425 -22.508418, 117.001424 -22.508417, 117.001403 -22.508293, 117.001439 -22.508152, 117.001473 -22.508084, 117.001522 -22.508039, 117.001604 -22.508007, 117.001702 -22.508007, 117.002139 -22.508143, 117.002381 -22.508233, 117.002485 -22.508392, 117.002438 -22.508526, 117.002389 -22.508616, 117.002285 -22.508676, 117.002188 -22.508676))"
Intersection 42,501624.01547958225,7510443.251256054,18,4,67,5,"POLYGON ((117.015722 -22.512921, 117.015517 -22.512839, 117.015475 -22.512799, 117.015295 -22.512361, 117.015295 -22.512333, 117.015335 -22.512233, 117.015377 -22.512194, 117.01546 -22.512162, 117.015752 -22.512162, 117.015946 -22.512207, 117.016275 -22.512298, 117.016286 -22.512568, 117.016189 -22.51274, 117.015849 -22.512921, 117.015722 -22.512921))"
Intersection 43,495797.0208439951,7512318.510504793,114,4,65,5,"POLYGON ((116.959361 -22.495933, 116.959182 -22.495856, 116.958842 -22.495675, 116.958696 -22.495585, 116.958647 -22.495539, 116.958687 -22.495354, 116.958827 -22.495174, 116.958876 -22.495174, 116.958973 -22.495219, 116.959541 -22.495522, 116.95959 -22.495567, 116.959624 -22.495644, 116.959624 -22.495733, 116.959604 -22.495796, 116.959598 -22.495809, 116.959447 -22.495933, 116.959361 -22.495933))"
Intersection 44,481955.98495372466,7513835.110061758,26,5,64,5,"POLYGON ((116.824664 -22.48226, 116.824465 -22.482214, 116.824067 -22.481831, 116.824098 -22.481705, 116.824425 -22.481357, 116.824631 -22.481307, 116.824685 -22.481307, 116.824841 -22.481383, 116.824957 -22.48152, 116.824991 -22.481596, 116.825027 -22.481729, 116.825039 -22.481777, 116.825039 -22.481867, 116.825005 -22.481976, 116.824875 -22.482119, 116.824796 -22.482175, 116.824664 -22.48226))"
Intersection 45,487339.6304969541,7512907.1091755275,13,3,51,5,"POLYGON ((116.876971 -22.490471, 116.876534 -22.49038, 116.876417 -22.490271, 116.876417 -22.490226, 116.876517 -22.490047, 116.876632 -22.489892, 116.876777 -22.489892, 116.877069 -22.489983, 116.877151 -22.490015, 116.877249 -22.49006, 116.877454 -22.490251, 116.877428 -22.490317, 116.877394 -22.490394, 116.87736 -22.490426, 116.877345 -22.490439, 116.877263 -22.490471, 116.876971 -22.490471))"
Intersection 46,495145.77083921933,7512501.10978855,14,3,50,5,"POLYGON ((116.952945 -22.494169, 116.952411 -22.494079, 116.952328 -22.494047, 116.952328 -22.494047, 116.952379 -22.493778, 116.952508 -22.493636, 116.952544 -22.493625, 116.952703 -22.493636, 116.952897 -22.493682, 116.953043 -22.493727, 116.953125 -22.493759, 116.953271 -22.493894, 116.953305 -22.493971, 116.953305 -22.494016, 116.953261 -22.494124, 116.953091 -22.494169, 116.952945 -22.494169))"
Intersection 47,482040.29492361983,7515173.463103047,18,4,48,5,"POLYGON ((116.825569 -22.469961, 116.825166 -22.469929, 116.825049 -22.469884, 116.825035 -22.46987, 116.824918 -22.469762, 116.824918 -22.469581, 116.824953 -22.469504, 116.825001 -22.469459, 116.825084 -22.469428, 116.825716 -22.469428, 116.825829 -22.469492, 116.825933 -22.469557, 116.825847 -22.469961, 116.825569 -22.469961))"
Intersection 48,482454.94143282284,7514821.5839959355,17,4,47,5,"POLYGON ((116.829648 -22.473308, 116.829225 -22.47314, 116.829128 -22.473095, 116.829113 -22.473082, 116.828982 -22.472959, 116.8289 -22.472837, 116.8289 -22.472792, 116.82924 -22.472464, 116.829308 -22.472413, 116.829357 -22.472413, 116.829474 -22.472464, 116.829881 -22.47273, 116.829947 -22.472926, 116.829959 -22.473019, 116.829959 -22.473031, 116.829736 -22.473278, 116.829688 -22.473308, 116.829648 -22.473308))"
Intersection 49,484447.78788926534,7517975.6767561,16,4,47,5,"POLYGON ((116.848752 -22.444894, 116.848588 -22.444741, 116.848566 -22.444581, 116.848566 -22.4444, 116.848606 -22.444121, 116.848615 -22.444084, 116.848679 -22.444032, 116.848772 -22.443968, 116.849035 -22.443976, 116.849188 -22.444107, 116.849188 -22.44422, 116.849139 -22.444446, 116.84909 -22.444581, 116.849056 -22.444658, 116.848888 -22.444864, 116.848752 -22.444894))"
Intersection 50,482560.71157669165,7513385.380552064,7,4,46,5,"POLYGON ((116.830604 -22.486228, 116.830458 -22.486182, 116.830215 -22.486092, 116.830036 -22.486015, 116.829921 -22.485908, 116.829977 -22.4856, 116.829987 -22.48559, 116.83007 -22.485559, 116.830507 -22.485514, 116.830776 -22.485514, 116.830916 -22.485652, 116.830915 -22.48611, 116.830866 -22.486165, 116.830701 -22.486228, 116.830604 -22.486228))"
Intersection 51,513177.05991429515,7510555.693490845,7,3,46,5,"POLYGON ((117.128055 -22.511787, 117.127958 -22.511742, 117.127744 -22.511543, 117.127729 -22.51153, 117.127695 -22.511453, 117.127695 -22.511138, 117.127811 -22.511073, 117.128006 -22.511073, 117.128088 -22.511105, 117.1282 -22.511163, 117.128429 -22.511285, 117.128575 -22.511421, 117.128609 -22.511497, 117.128609 -22.511542, 117.128596 -22.511645, 117.128575 -22.511664, 117.128478 -22.511755, 117.128395 -22.511787, 117.128055 -22.511787))"
Intersection 52,507486.52952866437,7510024.175339453,12,4,45,5,"POLYGON ((117.072878 -22.516564, 117.072586 -22.516474, 117.072504 -22.516442, 117.072358 -22.516307, 117.072313 -22.516219, 117.072358 -22.516063, 117.072406 -22.516018, 117.072489 -22.515986, 117.072683 -22.515986, 117.072927 -22.516076, 117.073009 -22.516108, 117.073106 -22.516153, 117.073302 -22.516335, 117.073287 -22.516456, 117.073218 -22.516519, 117.073125 -22.516553, 117.073073 -22.516564, 117.072878 -22.516564))"
Intersection 53,518550.17826967494,7510396.032543261,11,4,45,5,"POLYGON ((117.180173 -22.513137, 117.179929 -22.513047, 117.179862 -22.512939, 117.179862 -22.512849, 117.179978 -22.51274, 117.18009 -22.512636, 117.180172 -22.512604, 117.180318 -22.512559, 117.180513 -22.512514, 117.180707 -22.512513, 117.180793 -22.512696, 117.180788 -22.513046, 117.180562 -22.513092, 117.180222 -22.513137, 117.180173 -22.513137))"
Intersection 54,510293.64689641964,7510411.290983602,8,4,44,5,"POLYGON ((117.100199 -22.513026, 117.0997 -22.512981, 117.099699 -22.512765, 117.099704 -22.512493, 117.100053 -22.512493, 117.100247 -22.512538, 117.10033 -22.51257, 117.100476 -22.512705, 117.100528 -22.512764, 117.100558 -22.512827, 117.100558 -22.512872, 117.100528 -22.512981, 117.100247 -22.513026, 117.100199 -22.513026))"
Intersection 55,482658.8786224577,7514159.012345314,7,5,42,5,"POLYGON ((116.831415 -22.479339, 116.831259 -22.479286, 116.831091 -22.479167, 116.830982 -22.479016, 116.830982 -22.478983, 116.831001 -22.478875, 116.831128 -22.478622, 116.831196 -22.478513, 116.831765 -22.4785, 116.831841 -22.478514, 116.831941 -22.478603, 116.831867 -22.478809, 116.831424 -22.479331, 116.831415 -22.479339))"
Intersection 56,481788.8143570425,7513522.918668287,7,4,42,5,"POLYGON ((116.82278 -22.48509, 116.822663 -22.485012, 116.822517 -22.484774, 116.822518 -22.484557, 116.822732 -22.484196, 116.822829 -22.484151, 116.823072 -22.484151, 116.823301 -22.484273, 116.823398 -22.484364, 116.823436 -22.4844, 116.823471 -22.484674, 116.823446 -22.484698, 116.822877 -22.48509, 116.82278 -22.48509))"
Intersection 57,482963.617962245,7515748.047427989,7,4,42,5,"POLYGON ((116.834615 -22.464866, 116.834047 -22.464834, 116.833949 -22.464744, 116.833912 -22.464709, 116.833928 -22.464618, 116.833976 -22.464528, 116.834373 -22.463972, 116.834422 -22.463972, 116.834538 -22.464075, 116.834834 -22.464424, 116.834833 -22.464641, 116.83478 -22.464804, 116.834664 -22.464866, 116.834615 -22.464866))"
Intersection 58,482945.5990787508,7512762.155613907,14,4,41,5,"POLYGON ((116.834243 -22.491969, 116.83382 -22.49162, 116.833723 -22.491529, 116.833677 -22.491487, 116.833736 -22.491366, 116.834098 -22.491028, 116.834146 -22.491028, 116.834434 -22.49113, 116.834666 -22.491512, 116.834613 -22.491697, 116.834243 -22.491969))"
Intersection 59,482192.02488872927,7515456.180601,95,6,40,5,"POLYGON ((116.826753 -22.467627, 116.826705 -22.467582, 116.826447 -22.467204, 116.826434 -22.467178, 116.826411 -22.467112, 116.826511 -22.466886, 116.826549 -22.466817, 116.82684 -22.466668, 116.826983 -22.466674, 116.827149 -22.466768, 116.827386 -22.467081, 116.827405 -22.467266, 116.827385 -22.467298, 116.827241 -22.467442, 116.826839 -22.467602, 116.826753 -22.467627))"
Intersection 60,485460.7455663625,7513456.5748057,4,3,40,5,"POLYGON ((116.858602 -22.485713, 116.858409 -22.485667, 116.858248 -22.48517, 116.858249 -22.484953, 116.858636 -22.484742, 116.858992 -22.484909, 116.859108 -22.484972, 116.859108 -22.485017, 116.85891 -22.485629, 116.858793 -22.485713, 116.858602 -22.485713))"
Intersection 61,495445.6084845238,7512440.560361927,6,3,40,5,"POLYGON ((116.956008 -22.494757, 116.955619 -22.494667, 116.955536 -22.494635, 116.955248 -22.494486, 116.955248 -22.494269, 116.955619 -22.494224, 116.955716 -22.494224, 116.955959 -22.49427, 116.956111 -22.494315, 116.956124 -22.494604, 116.956124 -22.494649, 116.956063 -22.494757, 116.956008 -22.494757))"
Intersection 62,511979.50128367136,7511718.549442131,11,3,40,5,"POLYGON ((117.116626 -22.501402, 117.116164 -22.501288, 117.116115 -22.500847, 117.116115 -22.500587, 117.116349 -22.500587, 117.116847 -22.500602, 117.116847 -22.500819, 117.116745 -22.501215, 117.116704 -22.501329, 117.116626 -22.501402))"
Intersection 63,515180.70368298504,7510084.247151317,5,3,38,5,"POLYGON ((117.147846 -22.516061, 117.147423 -22.515894, 117.147326 -22.515849, 117.147083 -22.515669, 117.147074 -22.515661, 117.147165 -22.515483, 117.147554 -22.515393, 117.147602 -22.515393, 117.148012 -22.515483, 117.148012 -22.5157, 117.14798 -22.515879, 117.147963 -22.515953, 117.147895 -22.516061, 117.147846 -22.516061))"
Intersection 64,485359.9701245901,7513450.479909959,6,3,37,5,"POLYGON ((116.857776 -22.485576, 116.857533 -22.485531, 116.85745 -22.485499, 116.857193 -22.485395, 116.857193 -22.485178, 116.857433 -22.485055, 116.85753 -22.485009, 116.857582 -22.484998, 116.858018 -22.484998, 116.858106 -22.485396, 116.858019 -22.485577, 116.857776 -22.485576))"
Intersection 65,507880.3187490677,7509949.778464086,4,4,36,5,"POLYGON ((117.076865 -22.51724, 117.076573 -22.517195, 117.076491 -22.517163, 117.076156 -22.517014, 117.076156 -22.516797, 117.076573 -22.516707, 117.076983 -22.516707, 117.076993 -22.517023, 117.076993 -22.51724, 117.076865 -22.51724))"
Intersection 66,481928.3676537964,7510909.697769919,4,3,36,5,"POLYGON ((116.824023 -22.50858, 116.823946 -22.508471, 116.823946 -22.508381, 116.823995 -22.508245, 116.824029 -22.508169, 116.824238 -22.507744, 116.824472 -22.507744, 116.824568 -22.508111, 116.824568 -22.508519, 116.824062 -22.50858, 116.824023 -22.50858))"
Intersection 67,486492.0896497945,7513131.95802895,4,3,36,5,"POLYGON ((116.868612 -22.488567, 116.868467 -22.488522, 116.868403 -22.488476, 116.86835 -22.488413, 116.86835 -22.488368, 116.868399 -22.488052, 116.868434 -22.487943, 116.868662 -22.487763, 116.86871 -22.487763, 116.868793 -22.487795, 116.86889 -22.48784, 116.868987 -22.48793, 116.869021 -22.488007, 116.869021 -22.488188, 116.869002 -22.488251, 116.868875 -22.488413, 116.868758 -22.488522, 116.868744 -22.488535, 116.868661 -22.488567, 116.868612 -22.488567))"
Intersection 68,508269.1511200421,7510020.109655944,4,3,36,5,"POLYGON ((117.080261 -22.516703, 117.08022 -22.516696, 117.080096 -22.51655, 117.079957 -22.516317, 117.079957 -22.516272, 117.080073 -22.516163, 117.080365 -22.516073, 117.080756 -22.516026, 117.080803 -22.516027, 117.080921 -22.516179, 117.080885 -22.516212, 117.080691 -22.516393, 117.080594 -22.516484, 117.080261 -22.516703))"
Intersection 69,504666.75407683174,7510341.437974752,6,3,36,5,"POLYGON ((117.045048 -22.513729, 117.044902 -22.513485, 117.044902 -22.51344, 117.044937 -22.513363, 117.044985 -22.513318, 117.045082 -22.513273, 117.045165 -22.513241, 117.045408 -22.51315, 117.045457 -22.51315, 117.045849 -22.513241, 117.045914 -22.513304, 117.045914 -22.513349, 117.04585 -22.513457, 117.045539 -22.513606, 117.045457 -22.513638, 117.045214 -22.513729, 117.045048 -22.513729))"
Intersection 70,482039.326202506,7513570.737732689,11,4,35,5,"POLYGON ((116.82502 -22.484494, 116.825009 -22.48449, 116.824879 -22.484326, 116.825342 -22.483798, 116.825537 -22.483688, 116.825717 -22.483856, 116.825731 -22.483869, 116.825765 -22.483946, 116.825765 -22.484348, 116.825719 -22.48444, 116.825682 -22.484474, 116.82502 -22.484494))"
Intersection 71,483240.972784588,7512153.945757789,15,4,35,5,"POLYGON ((116.837007 -22.497436, 116.836876 -22.497359, 116.83673 -22.497224, 116.836633 -22.497088, 116.836586 -22.496999, 116.836591 -22.496929, 116.836914 -22.496508, 116.837173 -22.496539, 116.837576 -22.496981, 116.837524 -22.497166, 116.837055 -22.497436, 116.837007 -22.497436))"
Intersection 72,492564.5228553694,7512435.700566142,4,3,35,5,"POLYGON ((116.927571 -22.494747, 116.927488 -22.494715, 116.927391 -22.49467, 116.92728 -22.494612, 116.92726 -22.494548, 116.92726 -22.494503, 116.92728 -22.494395, 116.927391 -22.494336, 116.927488 -22.494291, 116.927571 -22.494259, 116.927863 -22.49426, 116.928152 -22.49435, 116.928152 -22.494567, 116.92806 -22.494646, 116.927963 -22.494691, 116.927765 -22.494747, 116.927571 -22.494747))"
Intersection 73,494734.54696670745,7512493.459013761,4,3,35,5,"POLYGON ((116.949057 -22.494304, 116.948862 -22.494259, 116.948342 -22.494046, 116.948294 -22.494001, 116.948348 -22.493816, 116.948814 -22.493725, 116.949174 -22.493726, 116.949174 -22.493942, 116.949173 -22.494195, 116.949163 -22.494304, 116.949057 -22.494304))"
Intersection 74,484254.9753521842,7517599.802308711,6,3,34,5,"POLYGON ((116.846971 -22.448151, 116.846817 -22.448134, 116.846723 -22.448069, 116.846652 -22.44798, 116.84665 -22.447864, 116.846667 -22.447786, 116.846765 -22.447441, 116.846998 -22.447441, 116.847163 -22.447506, 116.847338 -22.447606, 116.847338 -22.447741, 116.847228 -22.448009, 116.847179 -22.448054, 116.847109 -22.448089, 116.846971 -22.448151))"
Intersection 75,481556.5404751491,7512442.457933644,43,5,33,5,"POLYGON ((116.820677 -22.494844, 116.820385 -22.494754, 116.820303 -22.494722, 116.820254 -22.494677, 116.820289 -22.494196, 116.820318 -22.494058, 116.820335 -22.493983, 116.82045 -22.493936, 116.820532 -22.493905, 116.820738 -22.493865, 116.820992 -22.493975, 116.821183 -22.494241, 116.821183 -22.494463, 116.820891 -22.49474, 116.820774 -22.494845, 116.820677 -22.494844))"
Intersection 76,512239.6219839369,7510756.289066494,33,4,33,5,"POLYGON ((117.119142 -22.510045, 117.118943 -22.510011, 117.118554 -22.50984, 117.118539 -22.509775, 117.118602 -22.50959, 117.118748 -22.50923, 117.118981 -22.509229, 117.119466 -22.509499, 117.119466 -22.509716, 117.119419 -22.509833, 117.119142 -22.510045))"
Intersection 77,482392.55258261587,7513194.501719364,5,3,33,5,"POLYGON ((116.828949 -22.488033, 116.828867 -22.488001, 116.828397 -22.487716, 116.828397 -22.487499, 116.828711 -22.487195, 116.828901 -22.487138, 116.829082 -22.487139, 116.829164 -22.487227, 116.829164 -22.487247, 116.829114 -22.487957, 116.828998 -22.488033, 116.828949 -22.488033))"
Intersection 78,483923.7878777063,7513609.422944705,13,3,33,5,"POLYGON ((116.843781 -22.484301, 116.843419 -22.484221, 116.843419 -22.484145, 116.843468 -22.483455, 116.843925 -22.483404, 116.843954 -22.483404, 116.844042 -22.483513, 116.844042 -22.483558, 116.843946 -22.484148, 116.843781 -22.484301))"
Intersection 79,515365.89205548825,7509864.514107892,2,3,33,5,"POLYGON ((117.149599 -22.518092, 117.14921 -22.517957, 117.149112 -22.517912, 117.148996 -22.517804, 117.148995 -22.517758, 117.149206 -22.517367, 117.149306 -22.517198, 117.149355 -22.517198, 117.149437 -22.51723, 117.149534 -22.517275, 117.149583 -22.51732, 117.149715 -22.517532, 117.149764 -22.517938, 117.149647 -22.518092, 117.149599 -22.518092))"
Intersection 80,515303.7549524822,7509892.060184815,3,3,33,5,"POLYGON ((117.148869 -22.517822, 117.148592 -22.5177, 117.148397 -22.51761, 117.148373 -22.517596, 117.148349 -22.517565, 117.148372 -22.51738, 117.14864 -22.517185, 117.148771 -22.517108, 117.14916 -22.517108, 117.149243 -22.517139, 117.149285 -22.517179, 117.148986 -22.517713, 117.148888 -22.517822, 117.148869 -22.517822))"
Intersection 81,512674.93871312647,7510863.73911037,9,7,32,5,"POLYGON ((117.123628 -22.508899, 117.122924 -22.508821, 117.122737 -22.508691, 117.122728 -22.508654, 117.122843 -22.508457, 117.122989 -22.508427, 117.123385 -22.508457, 117.123467 -22.508489, 117.123482 -22.508502, 117.123794 -22.508791, 117.123794 -22.508811, 117.123677 -22.508899, 117.123628 -22.508899))"
Intersection 82,490190.9109902732,7512697.2527225325,2,4,32,5,"POLYGON ((116.904677 -22.492386, 116.904178 -22.492251, 116.904178 -22.492034, 116.904702 -22.491786, 116.904891 -22.491872, 116.905039 -22.49217, 116.905039 -22.492387, 116.904677 -22.492386))"
Intersection 83,504384.89237799693,7510257.281050808,2,4,32,5,"POLYGON ((117.042371 -22.514588, 117.042326 -22.513847, 117.042326 -22.513766, 117.042559 -22.513766, 117.043033 -22.514145, 117.043094 -22.514253, 117.043094 -22.514298, 117.043033 -22.514362, 117.042978 -22.514407, 117.042491 -22.514588, 117.042371 -22.514588))"
Intersection 84,512151.7302796535,7511693.783281913,8,4,32,5,"POLYGON ((117.117839 -22.501586, 117.117839 -22.501369, 117.117963 -22.500801, 117.118079 -22.500737, 117.118143 -22.500723, 117.118288 -22.500769, 117.118453 -22.500922, 117.118454 -22.501012, 117.118454 -22.501265, 117.118405 -22.501373, 117.118319 -22.501484, 117.118163 -22.501554, 117.11808 -22.501586, 117.117839 -22.501586))"
Intersection 85,484969.9325208054,7513510.987375034,3,3,32,5,"POLYGON ((116.853596 -22.484985, 116.853514 -22.484954, 116.853465 -22.484908, 116.853507 -22.484723, 116.853684 -22.484317, 116.853694 -22.484317, 116.853777 -22.484349, 116.854068 -22.48453, 116.854354 -22.484769, 116.854354 -22.484986, 116.853596 -22.484985))"
Intersection 86,482759.6574445116,7513927.455069119,20,4,31,5,"POLYGON ((116.832677 -22.481331, 116.832083 -22.481093, 116.831889 -22.480958, 116.83187 -22.480941, 116.831903 -22.480881, 116.831971 -22.480773, 116.832424 -22.480579, 116.832623 -22.480643, 116.832865 -22.481198, 116.832865 -22.4812, 116.83275 -22.481306, 116.832677 -22.481331))"
Intersection 87,482544.53286316956,7514345.160763468,3,4,31,5,"POLYGON ((116.83004 -22.477546, 116.829875 -22.477393, 116.829983 -22.477202, 116.83029 -22.476828, 116.830304 -22.476814, 116.830421 -22.476706, 116.83044 -22.476706, 116.830538 -22.476814, 116.830664 -22.476977, 116.830663 -22.477194, 116.830585 -22.477401, 116.83004 -22.477546))"
Intersection 88,484996.67554014095,7512458.3195898505,3,4,31,5,"POLYGON ((116.854205 -22.494578, 116.854121 -22.494562, 116.85399 -22.494485, 116.853927 -22.494426, 116.853859 -22.494318, 116.853762 -22.494092, 116.853762 -22.494007, 116.854219 -22.493939, 116.854267 -22.493939, 116.854335 -22.493975, 116.854384 -22.494047, 116.854432 -22.494183, 116.85445 -22.494351, 116.854426 -22.49451, 116.854376 -22.494557, 116.854205 -22.494578))"
Intersection 89,482412.96364689065,7514202.334173002,3,3,31,5,"POLYGON ((116.82899 -22.479009, 116.82896 -22.478999, 116.828844 -22.47889, 116.828718 -22.478366, 116.828718 -22.478149, 116.829034 -22.478037, 116.82935 -22.478195, 116.829462 -22.478353, 116.829043 -22.478967, 116.829009 -22.478999, 116.82899 -22.479009))"
Intersection 90,512482.2761309456,7510749.375703548,25,3,31,5,"POLYGON ((117.12133 -22.510179, 117.121131 -22.510109, 117.120912 -22.50976, 117.120912 -22.509543, 117.121227 -22.509335, 117.121397 -22.509231, 117.121766 -22.509497, 117.121846 -22.509579, 117.12189 -22.509742, 117.12133 -22.510179))"
Intersection 91,481899.81454119086,7511885.598282048,5,3,30,5,"POLYGON ((116.824248 -22.499835, 116.824178 -22.499823, 116.824027 -22.499766, 116.823602 -22.499423, 116.823554 -22.499378, 116.823595 -22.499193, 116.824138 -22.498999, 116.824337 -22.499051, 116.824343 -22.49967, 116.824248 -22.499835))"
Intersection 92,515553.0164600227,7509914.832392238,6,3,30,5,"POLYGON ((117.151732 -22.517556, 117.15164 -22.517548, 117.150934 -22.517414, 117.150725 -22.517317, 117.15086 -22.517016, 117.151071 -22.516822, 117.151236 -22.516821, 117.151333 -22.516912, 117.151722 -22.517363, 117.151757 -22.51744, 117.151757 -22.517485, 117.151744 -22.517533, 117.151732 -22.517556))"
Intersection 93,481774.440423293,7511904.645867455,6,4,29,5,"POLYGON ((116.822581 -22.499603, 116.822436 -22.499512, 116.822339 -22.499422, 116.822414 -22.499237, 116.822888 -22.498886, 116.823088 -22.498818, 116.823282 -22.498953, 116.823287 -22.498958, 116.823199 -22.499138, 116.822795 -22.499513, 116.822679 -22.499603, 116.822581 -22.499603))"
Intersection 94,482114.154647145,7514090.43409904,4,4,29,5,"POLYGON ((116.825931 -22.479822, 116.825732 -22.479774, 116.825687 -22.4797, 116.826156 -22.479037, 116.82619 -22.479005, 116.826202 -22.478993, 116.826238 -22.479005, 116.826355 -22.479113, 116.826515 -22.479461, 116.826305 -22.479746, 116.825931 -22.479822))"
Intersection 95,481913.6098254421,7512211.058808429,1,4,28,5,"POLYGON ((116.824009 -22.49686, 116.823669 -22.496411, 116.823669 -22.496365, 116.823749 -22.496257, 116.824181 -22.495982, 116.824341 -22.496095, 116.824609 -22.496394, 116.824632 -22.496457, 116.824632 -22.496502, 116.824609 -22.49661, 116.824242 -22.49686, 116.824009 -22.49686))"
Intersection 96,515904.2127176491,7509624.515918528,34,4,28,5,"POLYGON ((117.154443 -22.520057, 117.154289 -22.520053, 117.1542 -22.519963, 117.1542 -22.519922, 117.154346 -22.519696, 117.154787 -22.519579, 117.155013 -22.519631, 117.155082 -22.519858, 117.155004 -22.519949, 117.154677 -22.520057, 117.154443 -22.520057))"
Intersection 97,479224.97330635175,7514285.005873101,5,3,28,5,"POLYGON ((116.79766 -22.478014, 116.797544 -22.477942, 116.797544 -22.477905, 116.797968 -22.477332, 116.798016 -22.477287, 116.798215 -22.477324, 116.798549 -22.477675, 116.798438 -22.477834, 116.797709 -22.478014, 116.79766 -22.478014))"
Intersection 98,482116.461914297,7513831.482206628,3,3,28,5,"POLYGON ((116.825923 -22.482131, 116.825737 -22.481604, 116.825846 -22.481444, 116.82593 -22.481427, 116.826151 -22.481496, 116.82656 -22.481792, 116.826575 -22.481806, 116.826691 -22.481914, 116.826691 -22.481934, 116.826575 -22.482023, 116.826157 -22.482131, 116.825923 -22.482131))"
Intersection 99,482289.57353613066,7513970.84480062,3,3,28,5,"POLYGON ((116.828027 -22.48088, 116.8275 -22.480804, 116.827383 -22.480785, 116.827383 -22.480695, 116.827466 -22.480574, 116.827807 -22.480122, 116.827872 -22.480062, 116.828037 -22.480215, 116.828245 -22.480806, 116.828245 -22.480807, 116.828027 -22.48088))"
Intersection 100,482322.37171585683,7514398.009940483,3,3,28,5,"POLYGON ((116.827878 -22.477069, 116.827679 -22.476993, 116.827679 -22.476992, 116.827714 -22.476915, 116.827811 -22.47678, 116.828152 -22.476328, 116.8282 -22.476283, 116.828223 -22.476262, 116.82856 -22.47651, 116.828602 -22.476549, 116.828594 -22.476631, 116.828387 -22.476854, 116.828178 -22.47695, 116.827878 -22.477069))"
Intersection 101,482128.7996101043,7515629.41848813,1,3,28,5,"POLYGON ((116.826075 -22.466, 116.826026 -22.465955, 116.825992 -22.465878, 116.825895 -22.465607, 116.825895 -22.465517, 116.826065 -22.465413, 116.826547 -22.465138, 116.826596 -22.465138, 116.826712 -22.465244, 116.826712 -22.465247, 116.826599 -22.465556, 116.826494 -22.46575, 116.826274 -22.465945, 116.826075 -22.466))"
Intersection 102,482752.43748555484,7513126.03777897,2,3,28,5,"POLYGON ((116.832448 -22.488624, 116.831831 -22.488275, 116.831808 -22.488254, 116.831914 -22.48809, 116.832464 -22.487761, 116.832663 -22.487803, 116.832663 -22.487838, 116.832613 -22.488528, 116.832497 -22.488624, 116.832448 -22.488624))"
Intersection 103,482788.3122673338,7513230.968225476,2,3,28,5,"POLYGON ((116.832752 -22.48771, 116.832587 -22.487557, 116.832198 -22.487079, 116.832304 -22.486916, 116.832353 -22.486916, 116.832974 -22.487017, 116.833139 -22.487171, 116.832823 -22.487644, 116.832752 -22.48771))"
Intersection 104,482832.5875727498,7513694.285937884,3,3,28,5,"POLYGON ((116.832676 -22.483339, 116.832677 -22.483122, 116.833068 -22.482741, 116.833267 -22.482703, 116.833529 -22.482942, 116.833529 -22.483159, 116.833106 -22.483321, 116.832989 -22.483339, 116.832676 -22.483339))"
Intersection 105,486801.46260319673,7513130.491820464,2,3,28,5,"POLYGON ((116.871369 -22.488434, 116.871312 -22.48796, 116.871432 -22.48781, 116.871477 -22.487807, 116.871709 -22.487933, 116.872146 -22.488204, 116.872195 -22.488249, 116.872126 -22.488434, 116.871369 -22.488434))"
Intersection 106,515084.8236689159,7510091.7042693375,2,3,28,5,"POLYGON ((117.146599 -22.516091, 117.146417 -22.515999, 117.14634 -22.515386, 117.146435 -22.515213, 117.146484 -22.515213, 117.147105 -22.515438, 117.147105 -22.515655, 117.146599 -22.516091))"
Intersection 107,481779.7404124395,7512556.732282436,13,3,27,5,"POLYGON ((116.823158 -22.493628, 116.823012 -22.493582, 116.822369 -22.493356, 116.822369 -22.493139, 116.822964 -22.493094, 116.823101 -22.493094, 116.823226 -22.493214, 116.823269 -22.493373, 116.823274 -22.493474, 116.823274 -22.493519, 116.82318 -22.493628, 116.823158 -22.493628))"
Intersection 108,483535.2031257875,7513054.83580861,3,3,27,5,"POLYGON ((116.840225 -22.489128, 116.839918 -22.489096, 116.839719 -22.489065, 116.839466 -22.488947, 116.839414 -22.488762, 116.839462 -22.488717, 116.839545 -22.488685, 116.839801 -22.488624, 116.840274 -22.48855, 116.840313 -22.48855, 116.840356 -22.488735, 116.840264 -22.489128, 116.840225 -22.489128))"
Intersection 109,500014.08159194206,7510957.463352635,4,4,26,5,"POLYGON ((117.000396 -22.508209, 116.999954 -22.508036, 116.999754 -22.507924, 116.999661 -22.507728, 116.999757 -22.507556, 116.999806 -22.507556, 117.000535 -22.507781, 117.000617 -22.507813, 117.000649 -22.507843, 117.000548 -22.507991, 117.000396 -22.508209))"
Intersection 110,482345.84169093287,7514480.328857899,2,3,26,5,"POLYGON ((116.828331 -22.476378, 116.828215 -22.476295, 116.828148 -22.475709, 116.828167 -22.475637, 116.828235 -22.475529, 116.828284 -22.475529, 116.828415 -22.475606, 116.82843 -22.475619, 116.828643 -22.475818, 116.828709 -22.475896, 116.828635 -22.476102, 116.828497 -22.47627, 116.82838 -22.476378, 116.828331 -22.476378))"
Intersection 111,483083.357655201,7513732.99438341,4,3,26,5,"POLYGON ((116.835775 -22.483039, 116.835145 -22.482709, 116.835061 -22.482601, 116.835061 -22.482555, 116.835177 -22.482447, 116.835469 -22.482447, 116.835537 -22.482466, 116.835775 -22.48257, 116.835869 -22.482634, 116.83594 -22.482723, 116.835974 -22.482963, 116.835974 -22.482971, 116.835775 -22.483039))"
Intersection 112,486388.1392659429,7512667.225046637,5,3,26,5,"POLYGON ((116.867539 -22.492812, 116.867422 -22.492727, 116.867422 -22.492703, 116.867569 -22.491981, 116.867733 -22.491872, 116.867768 -22.491904, 116.867802 -22.491981, 116.867851 -22.492117, 116.867917 -22.49233, 116.867843 -22.492536, 116.867794 -22.492626, 116.86773 -22.49271, 116.867588 -22.492812, 116.867539 -22.492812))"
Intersection 113,515302.9656242736,7510028.735482364,1,3,26,5,"POLYGON ((117.149111 -22.516557, 117.148965 -22.516512, 117.148445 -22.5163, 117.148347 -22.516255, 117.148299 -22.51621, 117.148358 -22.516024, 117.148916 -22.515843, 117.148964 -22.515843, 117.14908 -22.515998, 117.149193 -22.516372, 117.149162 -22.516557, 117.149111 -22.516557))"
Intersection 114,514554.5770944107,7510183.084057069,3,4,25,5,"POLYGON ((117.141408 -22.515055, 117.141079 -22.514802, 117.141068 -22.514739, 117.141068 -22.514694, 117.141079 -22.514586, 117.141184 -22.514585, 117.141944 -22.51463, 117.141945 -22.514847, 117.141876 -22.514969, 117.141834 -22.514988, 117.14166 -22.51505, 117.141642 -22.515055, 117.141408 -22.515055))"
Intersection 115,512731.7542607992,7510759.22241445,1,4,25,5,"POLYGON ((117.123707 -22.510008, 117.12334 -22.509758, 117.12334 -22.509541, 117.123706 -22.5092, 117.12394 -22.5092, 117.124212 -22.509495, 117.124246 -22.50968, 117.12394 -22.510008, 117.123707 -22.510008))"
Intersection 116,481873.35384200735,7511078.029011888,2,3,25,5,"POLYGON ((116.823967 -22.507089, 116.823262 -22.506772, 116.823263 -22.506555, 116.823934 -22.506317, 116.824133 -22.506384, 116.824133 -22.506394, 116.824084 -22.506981, 116.823974 -22.507089, 116.823967 -22.507089))"
Intersection 117,482709.7899600773,7513296.534525296,4,3,24,5,"POLYGON ((116.832158 -22.487042, 116.832076 -22.487011, 116.831968 -22.48694, 116.831763 -22.48675, 116.831687 -22.486604, 116.831639 -22.486495, 116.831605 -22.486391, 116.831605 -22.486284, 116.831838 -22.486284, 116.832241 -22.486857, 116.832204 -22.487042, 116.832158 -22.487042))"
Intersection 118,512795.802212692,7510570.392866331,7,3,24,5,"POLYGON ((117.124668 -22.511707, 117.124547 -22.511685, 117.124441 -22.511655, 117.124034 -22.511126, 117.124079 -22.510941, 117.124116 -22.510941, 117.124374 -22.511017, 117.124502 -22.511087, 117.124663 -22.511262, 117.124734 -22.511424, 117.124756 -22.511587, 117.124668 -22.511707))"
Intersection 119,481452.30975176767,7510946.077272916,2,4,23,5,"POLYGON ((116.819639 -22.508259, 116.819556 -22.508227, 116.819459 -22.508136, 116.819384 -22.508027, 116.819344 -22.507931, 116.819311 -22.507821, 116.819486 -22.507657, 116.819557 -22.507622, 116.819654 -22.507577, 116.819695 -22.50756, 116.819737 -22.507545, 116.819883 -22.5075, 116.819958 -22.5075, 116.819965 -22.507685, 116.819958 -22.507717, 116.819804 -22.508179, 116.819687 -22.508259, 116.819639 -22.508259))"
Intersection 120,481536.0595138154,7512710.769976391,2,3,23,5,"POLYGON ((116.82068 -22.49227, 116.820277 -22.492238, 116.820078 -22.492205, 116.820078 -22.492161, 116.820112 -22.492084, 116.820502 -22.491452, 116.820535 -22.491421, 116.820701 -22.491529, 116.820816 -22.492089, 116.820729 -22.49227, 116.82068 -22.49227))"
Intersection 121,482409.3670188774,7512706.134719127,2,3,23,5,"POLYGON ((116.829 -22.492264, 116.828895 -22.492233, 116.828813 -22.492202, 116.828716 -22.492111, 116.828682 -22.492035, 116.828682 -22.49175, 116.828915 -22.491751, 116.82923 -22.491797, 116.829394 -22.491951, 116.829352 -22.49199, 116.829138 -22.492189, 116.829124 -22.492202, 116.829 -22.492264))"
Intersection 122,483175.05975526787,7512459.753835522,4,3,23,5,"POLYGON ((116.836719 -22.494545, 116.836539 -22.494468, 116.836442 -22.494423, 116.836285 -22.494308, 116.836274 -22.494298, 116.83615 -22.494152, 116.836025 -22.493989, 116.83619 -22.493836, 116.836719 -22.494283, 116.836835 -22.494392, 116.836835 -22.494437, 116.836762 -22.494545, 116.836719 -22.494545))"
Intersection 123,482133.3243071983,7511619.597904223,3,4,22,5,"POLYGON ((116.826355 -22.502168, 116.826239 -22.50206, 116.826092 -22.501848, 116.826048 -22.501743, 116.826036 -22.501638, 116.826099 -22.501552, 116.826197 -22.501438, 116.826418 -22.501507, 116.826521 -22.50206, 116.826521 -22.502081, 116.826404 -22.502168, 116.826355 -22.502168))"
Intersection 124,482273.8181531605,7512585.428367605,2,3,22,5,"POLYGON ((116.827513 -22.493468, 116.827514 -22.492676, 116.827747 -22.492676, 116.827877 -22.492976, 116.827795 -22.493343, 116.827747 -22.493468, 116.827513 -22.493468))"
Intersection 125,485231.4958174547,7512522.550143156,3,3,22,5,"POLYGON ((116.85621 -22.494112, 116.856095 -22.494004, 116.856095 -22.493958, 116.856519 -22.49325, 116.856553 -22.493218, 116.856718 -22.493327, 116.856718 -22.493417, 116.856684 -22.493494, 116.856538 -22.493764, 116.85644 -22.4939, 116.856377 -22.493959, 116.856212 -22.494112, 116.85621 -22.494112))"
Intersection 126,515693.073555861,7510432.390636359,4,5,21,5,"POLYGON ((117.152754 -22.51285, 117.152413 -22.512624, 117.152344 -22.512516, 117.152281 -22.512412, 117.152299 -22.512316, 117.152446 -22.512258, 117.152525 -22.512263, 117.152621 -22.512348, 117.152787 -22.512501, 117.152919 -22.512696, 117.152754 -22.51285))"
Intersection 127,482202.7660989359,7512420.6013246365,3,3,21,5,"POLYGON ((116.826607 -22.494851, 116.826524 -22.494666, 116.826525 -22.494666, 116.827206 -22.494215, 116.827405 -22.494277, 116.827405 -22.494292, 116.827371 -22.494368, 116.827274 -22.494549, 116.827079 -22.494729, 116.826982 -22.494774, 116.826899 -22.494806, 116.826753 -22.494851, 116.826607 -22.494851))"
Intersection 128,482728.3692494633,7517443.15634691,3,3,21,5,"POLYGON ((116.832106 -22.449416, 116.832009 -22.44937, 116.831905 -22.449304, 116.831893 -22.449262, 116.831878 -22.449185, 116.831879 -22.449022, 116.831893 -22.448991, 116.832044 -22.448869, 116.832437 -22.449199, 116.832437 -22.449416, 116.832106 -22.449416))"
Intersection 129,483499.11217488226,7513353.512808044,1,3,21,5,"POLYGON ((116.839936 -22.486373, 116.839693 -22.486327, 116.839495 -22.48627, 116.839402 -22.486237, 116.839319 -22.486205, 116.839205 -22.486101, 116.839139 -22.486038, 116.83914 -22.485992, 116.839205 -22.485884, 116.839256 -22.485884, 116.840022 -22.486156, 116.840022 -22.486373, 116.839936 -22.486373))"
Intersection 130,515401.18138664914,7510280.373795133,2,3,21,5,"POLYGON ((117.149886 -22.514162, 117.149804 -22.51413, 117.149609 -22.51404, 117.149317 -22.513769, 117.149312 -22.513765, 117.149448 -22.513629, 117.149477 -22.513611, 117.150142 -22.513945, 117.150142 -22.514162, 117.149886 -22.514162))"
Intersection 131,482513.3468158544,7511696.097126012,9,4,20,5,"POLYGON ((116.830002 -22.501269, 116.82959 -22.501223, 116.829458 -22.500981, 116.829461 -22.500976, 116.830391 -22.500962, 116.830411 -22.500962, 116.830474 -22.501147, 116.830425 -22.501192, 116.830343 -22.501224, 116.830197 -22.501269, 116.830002 -22.501269))"
Intersection 132,481568.4418845285,7510831.204103421,4,3,20,5,"POLYGON ((116.820964 -22.50918, 116.820853 -22.50916, 116.820742 -22.509111, 116.820659 -22.50904, 116.820445 -22.508784, 116.820445 -22.508738, 116.820556 -22.50863, 116.820562 -22.50863, 116.820902 -22.508769, 116.820996 -22.508823, 116.821096 -22.50889, 116.8211 -22.509017, 116.821047 -22.509118, 116.820964 -22.50918))"
Intersection 133,482054.21174126427,7512651.811054295,2,3,20,5,"POLYGON ((116.825443 -22.492907, 116.825327 -22.492843, 116.825327 -22.492799, 116.825362 -22.492154, 116.825376 -22.492121, 116.825528 -22.492001, 116.825575 -22.492045, 116.825784 -22.49233, 116.825784 -22.492546, 116.825609 -22.492799, 116.825492 -22.492907, 116.825443 -22.492907))"
Intersection 134,486337.2868394251,7512768.073473429,2,3,20,5,"POLYGON ((116.867427 -22.491803, 116.866777 -22.491334, 116.866745 -22.491303, 116.86686 -22.491149, 116.866909 -22.491149, 116.866991 -22.491181, 116.867185 -22.491271, 116.867402 -22.491442, 116.867592 -22.49165, 116.867427 -22.491803))"
Intersection 135,486633.793657697,7513174.141183718,2,3,20,5,"POLYGON ((116.870363 -22.488117, 116.87028 -22.488085, 116.870022 -22.487978, 116.869828 -22.487857, 116.869697 -22.487633, 116.869663 -22.487556, 116.869663 -22.487511, 116.869846 -22.487419, 116.870348 -22.487841, 116.870412 -22.4879, 116.870528 -22.488008, 116.870528 -22.48803, 116.870411 -22.488117, 116.870363 -22.488117))"
Intersection 136,481691.42447758396,7511350.395336149,3,4,19,5,"POLYGON ((116.82222 -22.504467, 116.821962 -22.50439, 116.821657 -22.504192, 116.821667 -22.503997, 116.821714 -22.503982, 116.821866 -22.503966, 116.822351 -22.504282, 116.822384 -22.504313, 116.822269 -22.504467, 116.82222 -22.504467))"
Intersection 137,481769.8212564763,7511321.394316088,1,4,18,5,"POLYGON ((116.82269 -22.504747, 116.822593 -22.504694, 116.822332 -22.504526, 116.822283 -22.504481, 116.822343 -22.504296, 116.823144 -22.504297, 116.823243 -22.504466, 116.823226 -22.504482, 116.822916 -22.504695, 116.822819 -22.504747, 116.82269 -22.504747))"
Intersection 138,478406.10747819545,7515262.452766446,2,4,18,5,"POLYGON ((116.789979 -22.469074, 116.789829 -22.468952, 116.789815 -22.46892, 116.78983 -22.468681, 116.790092 -22.468663, 116.790286 -22.468663, 116.790405 -22.468709, 116.790417 -22.46874, 116.790405 -22.468925, 116.789979 -22.469074))"
Intersection 139,482472.0522869152,7511372.10612096,3,4,17,5,"POLYGON ((116.829444 -22.504319, 116.829415 -22.504069, 116.829416 -22.503852, 116.829501 -22.503767, 116.829644 -22.503748, 116.829756 -22.503807, 116.829756 -22.504024, 116.829678 -22.504319, 116.829444 -22.504319))"
Intersection 140,481608.811794264,7512948.749022359,2,5,16,5,"POLYGON ((116.821203 -22.490116, 116.821004 -22.490051, 116.821004 -22.490039, 116.821073 -22.489569, 116.821102 -22.489497, 116.821335 -22.489497, 116.821413 -22.489524, 116.821413 -22.489741, 116.821252 -22.49007, 116.821203 -22.490116))"
Intersection 141,482280.47998137353,7511553.260921753,2,4,16,5,"POLYGON ((116.82755 -22.50266, 116.827551 -22.502558, 116.827582 -22.502345, 116.827656 -22.502139, 116.827709 -22.502103, 116.827814 -22.502134, 116.827918 -22.5022, 116.827833 -22.502513, 116.827784 -22.50266, 116.82755 -22.50266))"
Intersection 142,518239.7740192136,7510797.559182469,39,3,77,4,"POLYGON ((117.177057 -22.509617, 117.176975 -22.509586, 117.176926 -22.509541, 117.176794 -22.509283, 117.176794 -22.509238, 117.176911 -22.50913, 117.177217 -22.508981, 117.177411 -22.50889, 117.177591 -22.508813, 117.17764 -22.508813, 117.177722 -22.508844, 117.177785 -22.508903, 117.177834 -22.508993, 117.177848 -22.509022, 117.177884 -22.509124, 117.17782 -22.509269, 117.177771 -22.509314, 117.17748 -22.50945, 117.177106 -22.509617, 117.177057 -22.509617))"
Intersection 143,511747.94354847615,7510450.196826416,76,4,76,4,"POLYGON ((117.113957 -22.512791, 117.11377 -22.512684, 117.113749 -22.512627, 117.113707 -22.512506, 117.11372 -22.512388, 117.113728 -22.51238, 117.114151 -22.512168, 117.114443 -22.512032, 117.11454 -22.512032, 117.114622 -22.512064, 117.114671 -22.512109, 117.114748 -22.512332, 117.114706 -22.512411, 117.114671 -22.512474, 117.114589 -22.51252, 117.11438 -22.512624, 117.114088 -22.512759, 117.114006 -22.512791, 117.113957 -22.512791))"
Intersection 144,499158.9572436054,7511244.600293767,170,4,74,4,"POLYGON ((116.992076 -22.505604, 116.991736 -22.505514, 116.991444 -22.505423, 116.991361 -22.505392, 116.991313 -22.505347, 116.991285 -22.505234, 116.991333 -22.5051, 116.99134 -22.505086, 116.991388 -22.504995, 116.991474 -22.504936, 116.99159 -22.504936, 116.992173 -22.505116, 116.992256 -22.505148, 116.99227 -22.505161, 116.992304 -22.505193, 116.992375 -22.505318, 116.992284 -22.50553, 116.992201 -22.505604, 116.992076 -22.505604))"
Intersection 145,501962.7588958034,7510316.289682926,35,4,69,4,"POLYGON ((117.019398 -22.514005, 117.018718 -22.513824, 117.018601 -22.513716, 117.01856 -22.513631, 117.018601 -22.51349, 117.018662 -22.513396, 117.018746 -22.513336, 117.018863 -22.513336, 117.019398 -22.513472, 117.019542 -22.513517, 117.019563 -22.513625, 117.019563 -22.513716, 117.019557 -22.513795, 117.019509 -22.513931, 117.019473 -22.514005, 117.019398 -22.514005))"
Intersection 146,504866.23824381,7510334.89582932,29,4,66,4,"POLYGON ((117.047547 -22.513773, 117.047256 -22.513728, 117.047013 -22.513683, 117.046878 -22.513638, 117.046847 -22.513529, 117.046847 -22.513484, 117.046929 -22.513195, 117.04711 -22.513195, 117.047644 -22.513285, 117.047747 -22.51333, 117.047761 -22.513394, 117.047761 -22.513665, 117.047712 -22.513773, 117.047547 -22.513773))"
Intersection 147,492722.17233958025,7512468.0611262685,24,4,62,4,"POLYGON ((116.928885 -22.494522, 116.928815 -22.494414, 116.928752 -22.494111, 116.928801 -22.494066, 116.928884 -22.494034, 116.929418 -22.493899, 116.929529 -22.493887, 116.929564 -22.493899, 116.92962 -22.493959, 116.929694 -22.49404, 116.929729 -22.494233, 116.929729 -22.494278, 116.929694 -22.494342, 116.929613 -22.494387, 116.928932 -22.494522, 116.928885 -22.494522))"
Intersection 148,510119.76803371584,7510421.183033111,23,3,58,4,"POLYGON ((117.098643 -22.512937, 117.09806 -22.512892, 117.097977 -22.51286, 117.09791 -22.512798, 117.097912 -22.512541, 117.097928 -22.512526, 117.097977 -22.512481, 117.098059 -22.512449, 117.098846 -22.512449, 117.098846 -22.512666, 117.098833 -22.512937, 117.098643 -22.512937))"
Intersection 149,499517.47103294125,7511133.776718934,20,4,57,4,"POLYGON ((116.995576 -22.506598, 116.995382 -22.506553, 116.994944 -22.506417, 116.994862 -22.506386, 116.994813 -22.50634, 116.994852 -22.506155, 116.994985 -22.505929, 116.995041 -22.505929, 116.995625 -22.50611, 116.995707 -22.506142, 116.995756 -22.506187, 116.995765 -22.506422, 116.995756 -22.506521, 116.995673 -22.506598, 116.995576 -22.506598))"
Intersection 150,484728.5137512912,7513534.1239284985,25,3,56,4,"POLYGON ((116.851166 -22.484803, 116.85105 -22.484694, 116.85105 -22.484513, 116.851099 -22.484378, 116.851144 -22.48427, 116.851799 -22.484225, 116.851896 -22.484225, 116.851978 -22.484257, 116.852027 -22.484302, 116.851946 -22.484803, 116.851166 -22.484803))"
Intersection 151,500703.53246508446,7510743.434581733,3,3,53,4,"POLYGON ((117.006863 -22.510219, 117.006806 -22.510211, 117.00666 -22.510166, 117.006481 -22.510089, 117.006432 -22.510044, 117.006432 -22.509773, 117.006436 -22.509588, 117.006546 -22.509362, 117.006563 -22.509362, 117.006855 -22.509453, 117.007244 -22.509588, 117.007309 -22.509633, 117.00736 -22.509697, 117.00736 -22.509742, 117.007321 -22.509886, 117.007195 -22.510031, 117.006903 -22.510211, 117.006863 -22.510219))"
Intersection 152,493529.0814410073,7512648.747609451,15,4,52,4,"POLYGON ((116.936706 -22.492854, 116.936579 -22.492443, 116.936628 -22.492398, 116.936711 -22.492366, 116.937002 -22.492321, 116.937342 -22.492321, 116.937425 -22.492353, 116.937522 -22.492398, 116.937613 -22.492482, 116.937612 -22.492649, 116.937522 -22.492732, 116.93744 -22.492764, 116.937294 -22.492809, 116.936856 -22.492854, 116.936706 -22.492854))"
Intersection 153,502960.5638174752,7510183.377255079,13,3,51,4,"POLYGON ((117.028927 -22.515133, 117.028538 -22.515087, 117.028359 -22.515042, 117.028359 -22.514826, 117.028407 -22.514554, 117.028538 -22.514554, 117.029024 -22.514645, 117.029107 -22.514676, 117.029253 -22.514812, 117.029287 -22.514889, 117.029287 -22.514934, 117.029253 -22.51501, 117.029219 -22.515042, 117.029204 -22.515056, 117.029107 -22.515101, 117.029025 -22.515133, 117.028927 -22.515133))"
Intersection 154,482708.9211738106,7511833.509827816,13,3,50,4,"POLYGON ((116.831874 -22.500312, 116.831789 -22.5003, 116.831652 -22.500243, 116.83158 -22.500203, 116.831515 -22.500129, 116.831481 -22.500081, 116.831428 -22.499974, 116.831411 -22.499935, 116.831394 -22.499897, 116.831394 -22.499761, 116.831443 -22.499671, 116.831706 -22.499427, 116.832095 -22.499428, 116.832226 -22.499505, 116.832274 -22.49955, 116.83235 -22.500113, 116.832335 -22.500155, 116.832142 -22.500277, 116.831874 -22.500312))"
Intersection 155,483871.99070901034,7513206.50454476,8,3,45,4,"POLYGON ((116.843206 -22.48797, 116.843157 -22.487925, 116.842963 -22.487654, 116.842929 -22.487577, 116.842915 -22.487338, 116.842915 -22.487275, 116.842929 -22.487216, 116.842964 -22.487139, 116.843061 -22.487049, 116.843144 -22.487017, 116.843192 -22.487017, 116.843275 -22.487049, 116.843289 -22.487063, 116.843454 -22.487216, 116.843503 -22.487442, 116.843503 -22.487578, 116.843405 -22.4879, 116.843206 -22.48797))"
Intersection 156,502250.6877760293,7510268.934274688,16,3,40,4,"POLYGON ((117.021892 -22.51456, 117.021468 -22.514276, 117.021468 -22.514059, 117.021469 -22.513816, 117.021553 -22.513742, 117.021683 -22.513697, 117.022023 -22.513652, 117.022141 -22.513652, 117.022302 -22.514149, 117.022302 -22.514366, 117.022092 -22.514499, 117.021892 -22.51456))"
Intersection 157,478023.38455784705,7514113.230550027,6,3,39,4,"POLYGON ((116.78601 -22.479489, 116.785984 -22.479173, 116.785984 -22.478956, 116.786431 -22.478957, 116.786577 -22.479002, 116.786836 -22.479093, 116.786835 -22.47931, 116.78661 -22.479413, 116.786528 -22.479445, 116.786382 -22.47949, 116.78601 -22.479489))"
Intersection 158,483436.76858913805,7513313.882150846,13,3,39,4,"POLYGON ((116.838963 -22.486914, 116.838608 -22.486733, 116.838608 -22.486516, 116.838799 -22.486026, 116.838998 -22.486006, 116.839033 -22.486027, 116.839428 -22.486587, 116.839275 -22.486802, 116.839192 -22.486882, 116.839175 -22.486898, 116.839148 -22.486914, 116.838963 -22.486914))"
Intersection 159,484972.2057076019,7512525.584760171,4,3,39,4,"POLYGON ((116.853796 -22.494033, 116.853747 -22.493988, 116.853713 -22.493911, 116.853616 -22.49364, 116.853617 -22.49322, 116.853734 -22.49317, 116.853782 -22.49317, 116.85385 -22.49322, 116.854107 -22.493473, 116.854156 -22.493564, 116.854287 -22.493821, 116.854287 -22.493922, 116.853796 -22.494033))"
Intersection 160,485595.0710718749,7513618.135074112,8,3,39,4,"POLYGON ((116.859819 -22.484133, 116.859702 -22.484094, 116.859508 -22.483843, 116.859508 -22.483798, 116.859591 -22.483676, 116.859737 -22.483541, 116.859834 -22.483496, 116.859917 -22.483464, 116.859965 -22.483464, 116.860445 -22.483555, 116.860445 -22.483772, 116.859936 -22.484095, 116.859867 -22.484133, 116.859819 -22.484133))"
Intersection 161,482111.9093152392,7513411.488207244,9,4,38,4,"POLYGON ((116.825702 -22.485906, 116.825699 -22.4855, 116.825699 -22.485283, 116.825939 -22.485283, 116.826279 -22.485329, 116.826473 -22.485374, 116.826556 -22.485406, 116.826591 -22.485439, 116.826492 -22.485799, 116.826455 -22.485907, 116.825702 -22.485906))"
Intersection 162,482388.50925455743,7513388.053829637,3,3,38,4,"POLYGON ((116.828611 -22.48609, 116.828529 -22.486058, 116.828383 -22.485968, 116.828334 -22.485923, 116.8283 -22.485846, 116.8283 -22.485755, 116.828337 -22.485647, 116.82866 -22.485557, 116.828952 -22.485557, 116.829098 -22.485603, 116.82918 -22.485635, 116.829195 -22.485648, 116.829311 -22.485757, 116.829311 -22.485802, 116.82929 -22.485867, 116.829131 -22.486014, 116.829034 -22.486059, 116.828951 -22.48609, 116.828611 -22.48609))"
Intersection 163,484007.96553166857,7513285.286488691,18,5,37,4,"POLYGON ((116.844553 -22.487281, 116.844436 -22.487172, 116.844179 -22.486932, 116.844097 -22.48681, 116.844097 -22.486675, 116.844603 -22.486296, 116.844651 -22.486296, 116.844889 -22.486387, 116.844889 -22.486603, 116.844718 -22.487212, 116.844602 -22.487281, 116.844553 -22.487281))"
Intersection 164,484217.9075553227,7513382.813291476,3,4,37,4,"POLYGON ((116.84679 -22.486199, 116.846143 -22.486108, 116.846125 -22.485923, 116.846287 -22.485575, 116.846791 -22.48553, 116.846808 -22.48553, 116.847002 -22.485982, 116.847001 -22.486199, 116.84679 -22.486199))"
Intersection 165,483078.5046437272,7513329.95112173,3,3,37,4,"POLYGON ((116.835201 -22.486731, 116.835153 -22.48635, 116.835153 -22.486305, 116.835202 -22.486214, 116.835416 -22.486016, 116.835708 -22.485971, 116.835756 -22.485971, 116.835853 -22.486242, 116.835852 -22.486459, 116.835435 -22.486731, 116.835201 -22.486731))"
Intersection 166,484984.52196224546,7513054.888733488,3,3,37,4,"POLYGON ((116.854058 -22.489233, 116.853738 -22.489186, 116.853621 -22.489092, 116.853607 -22.488883, 116.854011 -22.488434, 116.85421 -22.488369, 116.854215 -22.488374, 116.854341 -22.488491, 116.854341 -22.488807, 116.854292 -22.489234, 116.854058 -22.489233))"
Intersection 167,486590.61137775594,7513250.525388578,5,3,37,4,"POLYGON ((116.869679 -22.487571, 116.869488 -22.487393, 116.869406 -22.487271, 116.869372 -22.487194, 116.869258 -22.486862, 116.869275 -22.486788, 116.869343 -22.486679, 116.869392 -22.486679, 116.869781 -22.48686, 116.870009 -22.486983, 116.870057 -22.487028, 116.870022 -22.487213, 116.869844 -22.487417, 116.869679 -22.487571))"
Intersection 168,483842.42376024096,7513041.426301574,8,3,36,4,"POLYGON ((116.842946 -22.489402, 116.842781 -22.489248, 116.842595 -22.488764, 116.842522 -22.488558, 116.842668 -22.488513, 116.842821 -22.488559, 116.843355 -22.489068, 116.843355 -22.489113, 116.843256 -22.489222, 116.843112 -22.489325, 116.842995 -22.489402, 116.842946 -22.489402))"
Intersection 169,491584.03621565556,7512532.493671451,2,3,34,4,"POLYGON ((116.917849 -22.493839, 116.917733 -22.493731, 116.917733 -22.493686, 116.917913 -22.493306, 116.917947 -22.493306, 116.918141 -22.493351, 116.918676 -22.493578, 116.918676 -22.493794, 116.91819 -22.493839, 116.917849 -22.493839))"
Intersection 170,512403.58827505424,7511080.435242195,6,3,34,4,"POLYGON ((117.120739 -22.506971, 117.120204 -22.506935, 117.12019 -22.506702, 117.120238 -22.506594, 117.120252 -22.50658, 117.120418 -22.506427, 117.120807 -22.506426, 117.120972 -22.50658, 117.120972 -22.50697, 117.120739 -22.506971))"
Intersection 171,512837.1121315144,7511164.5251921015,6,3,34,4,"POLYGON ((117.125134 -22.506279, 117.124412 -22.506098, 117.124412 -22.505881, 117.124598 -22.505565, 117.124695 -22.505565, 117.124923 -22.505687, 117.124972 -22.505732, 117.125299 -22.506126, 117.125182 -22.506278, 117.125134 -22.506279))"
Intersection 172,512830.4483299663,7511630.476662255,3,3,34,4,"POLYGON ((117.12435 -22.502033, 117.12435 -22.501816, 117.124574 -22.501372, 117.124691 -22.501274, 117.12474 -22.501274, 117.124856 -22.501382, 117.125162 -22.501816, 117.125163 -22.502032, 117.12435 -22.502033))"
Intersection 173,512547.9468216773,7511697.667135293,4,3,34,4,"POLYGON ((117.122081 -22.501506, 117.121677 -22.501448, 117.121609 -22.500843, 117.121609 -22.500797, 117.121797 -22.500711, 117.122129 -22.500856, 117.122441 -22.501005, 117.122441 -22.501221, 117.12228 -22.501469, 117.122081 -22.501506))"
Intersection 174,481437.1476039885,7514774.993066481,3,3,33,4,"POLYGON ((116.819275 -22.473665, 116.819227 -22.473053, 116.819227 -22.473008, 116.81926 -22.472899, 116.819344 -22.472899, 116.819879 -22.473081, 116.820003 -22.473126, 116.82001 -22.473158, 116.820003 -22.473343, 116.819509 -22.473665, 116.819275 -22.473665))"
Intersection 175,480004.2221274919,7514839.508212244,4,3,33,4,"POLYGON ((116.805465 -22.47312, 116.805458 -22.473113, 116.805424 -22.473037, 116.805265 -22.472436, 116.805301 -22.472251, 116.805348 -22.472251, 116.80543 -22.472283, 116.805527 -22.472328, 116.806062 -22.472599, 116.80611 -22.472645, 116.806043 -22.47283, 116.805658 -22.473037, 116.805465 -22.47312))"
Intersection 176,484358.9271592803,7518326.763764207,2,3,33,4,"POLYGON ((116.847549 -22.441536, 116.847549 -22.441418, 116.847938 -22.440831, 116.848128 -22.440746, 116.848137 -22.440754, 116.84838 -22.441297, 116.848414 -22.441373, 116.848414 -22.44144, 116.847782 -22.441536, 116.847549 -22.441536))"
Intersection 177,485896.71588791115,7512578.116234717,5,3,33,4,"POLYGON ((116.862913 -22.493516, 116.862872 -22.493486, 116.862658 -22.493287, 116.86261 -22.493151, 116.862561 -22.49297, 116.862561 -22.492925, 116.862633 -22.492817, 116.862678 -22.492817, 116.862955 -22.492939, 116.863052 -22.492984, 116.863149 -22.493075, 116.863232 -22.493197, 116.863232 -22.493287, 116.863197 -22.493364, 116.8631 -22.493454, 116.863018 -22.493486, 116.862913 -22.493516))"
Intersection 178,483034.98727455665,7512984.830628639,2,4,32,4,"POLYGON ((116.8347 -22.489755, 116.834615 -22.489647, 116.834615 -22.489602, 116.834656 -22.489413, 116.83478 -22.489267, 116.834956 -22.48915, 116.835189 -22.48915, 116.835557 -22.489404, 116.835557 -22.489621, 116.835259 -22.489696, 116.834731 -22.489755, 116.8347 -22.489755))"
Intersection 179,480327.5984236103,7514313.390048526,2,3,32,4,"POLYGON ((116.808985 -22.477937, 116.808708 -22.477725, 116.8085 -22.47753, 116.808286 -22.477331, 116.808286 -22.477286, 116.8084 -22.477178, 116.808772 -22.477071, 116.809006 -22.477072, 116.809102 -22.477784, 116.809102 -22.477829, 116.80899 -22.477937, 116.808985 -22.477937))"
Intersection 180,482561.42778276454,7513733.033699361,5,3,32,4,"POLYGON ((116.830851 -22.483021, 116.830027 -22.482884, 116.829957 -22.482821, 116.829957 -22.482776, 116.830027 -22.482668, 116.830399 -22.482338, 116.830706 -22.482397, 116.830933 -22.482836, 116.830858 -22.483021, 116.830851 -22.483021))"
Intersection 181,484107.4816711246,7517193.401239985,3,3,32,4,"POLYGON ((116.84571 -22.451868, 116.845266 -22.451739, 116.845108 -22.451624, 116.845101 -22.451585, 116.845546 -22.451016, 116.845711 -22.450974, 116.84576 -22.450974, 116.845779 -22.451016, 116.845793 -22.451159, 116.845827 -22.451715, 116.845827 -22.45176, 116.845715 -22.451868, 116.84571 -22.451868))"
Intersection 182,491288.2687207004,7512573.872488096,4,3,32,4,"POLYGON ((116.915116 -22.493612, 116.915013 -22.493025, 116.915011 -22.492961, 116.915011 -22.492916, 116.915013 -22.492808, 116.915128 -22.492808, 116.915274 -22.492853, 116.915405 -22.49293, 116.915516 -22.493034, 116.91555 -22.493129, 116.91566 -22.493439, 116.915565 -22.493612, 116.915116 -22.493612))"
Intersection 183,515939.1571469791,7509783.30540717,4,3,32,4,"POLYGON ((117.155093 -22.51881, 117.154587 -22.518629, 117.154586 -22.518413, 117.154879 -22.518024, 117.1551 -22.51802, 117.155112 -22.518024, 117.155336 -22.518096, 117.155355 -22.518204, 117.155355 -22.518249, 117.155246 -22.518645, 117.155142 -22.51881, 117.155093 -22.51881))"
Intersection 184,515915.0748664477,7510247.029777403,4,3,32,4,"POLYGON ((117.154826 -22.514578, 117.154529 -22.514451, 117.15434 -22.514366, 117.15434 -22.51423, 117.154436 -22.513872, 117.15467 -22.513872, 117.154894 -22.513898, 117.155036 -22.513952, 117.155088 -22.514018, 117.15514 -22.514146, 117.155059 -22.514577, 117.154826 -22.514578))"
Intersection 185,518361.8710161378,7510857.101007674,2,4,31,4,"POLYGON ((117.178369 -22.509029, 117.178301 -22.50892, 117.17827 -22.508859, 117.178168 -22.508547, 117.178189 -22.508528, 117.178286 -22.508482, 117.178383 -22.508437, 117.178466 -22.508405, 117.178723 -22.508392, 117.178855 -22.50845, 117.178889 -22.508545, 117.178814 -22.508826, 117.178612 -22.508938, 117.178418 -22.509029, 117.178369 -22.509029))"
Intersection 186,481221.81536655367,7514184.207399531,2,3,31,4,"POLYGON ((116.817276 -22.478962, 116.81704 -22.478386, 116.81715 -22.478227, 116.817199 -22.478227, 116.817961 -22.478576, 116.817972 -22.478585, 116.817879 -22.478761, 116.817509 -22.478962, 116.817276 -22.478962))"
Intersection 187,480665.96687688073,7514519.9886821145,3,3,31,4,"POLYGON ((116.812079 -22.475932, 116.811787 -22.475921, 116.811788 -22.4758, 116.811934 -22.475167, 116.812104 -22.475063, 116.812133 -22.475091, 116.812182 -22.475181, 116.812216 -22.475258, 116.812264 -22.475439, 116.812312 -22.4758, 116.812312 -22.475932, 116.812079 -22.475932))"
Intersection 188,482314.59766715067,7514060.031694513,3,3,31,4,"POLYGON ((116.828052 -22.480201, 116.82787 -22.480109, 116.827695 -22.479856, 116.827696 -22.479639, 116.827822 -22.479476, 116.828383 -22.479408, 116.828548 -22.479561, 116.828507 -22.479671, 116.828069 -22.480186, 116.828052 -22.480201))"
Intersection 189,485934.95234248997,7513662.888020472,3,3,31,4,"POLYGON ((116.863401 -22.483833, 116.863202 -22.483814, 116.86296 -22.483214, 116.86296 -22.483107, 116.86342 -22.482928, 116.863451 -22.482957, 116.863485 -22.483034, 116.863484 -22.483711, 116.86345 -22.483788, 116.863435 -22.483814, 116.863401 -22.483833))"
Intersection 190,485898.58174203907,7513736.796805804,2,3,31,4,"POLYGON ((116.862994 -22.48311, 116.862414 -22.482735, 116.862414 -22.482518, 116.863077 -22.482338, 116.863126 -22.482338, 116.863242 -22.482446, 116.863257 -22.48246, 116.863339 -22.482582, 116.863339 -22.482672, 116.863193 -22.483078, 116.862994 -22.48311))"
Intersection 191,491018.2867622378,7512587.709647007,3,3,31,4,"POLYGON ((116.912794 -22.49343, 116.912454 -22.493385, 116.912337 -22.493366, 116.912226 -22.493339, 116.912226 -22.493122, 116.912746 -22.492716, 116.912843 -22.492671, 116.912877 -22.492671, 116.91296 -22.49278, 116.913032 -22.493213, 116.913031 -22.49343, 116.912794 -22.49343))"
Intersection 192,512647.5746428441,7510608.072609881,3,3,31,4,"POLYGON ((117.122546 -22.511204, 117.122527 -22.511019, 117.122541 -22.51087, 117.12259 -22.51075, 117.122624 -22.510748, 117.123124 -22.510738, 117.123358 -22.510738, 117.123418 -22.510986, 117.123418 -22.511203, 117.122546 -22.511204))"
Intersection 193,515001.41812949465,7511143.317269569,1,3,31,4,"POLYGON ((117.146135 -22.506532, 117.145549 -22.506352, 117.145483 -22.506243, 117.145483 -22.506198, 117.145677 -22.505701, 117.145859 -22.505608, 117.145876 -22.505624, 117.145925 -22.505715, 117.145973 -22.505805, 117.146202 -22.506243, 117.146251 -22.506378, 117.146251 -22.506423, 117.14614 -22.506532, 117.146135 -22.506532))"
Intersection 194,512488.39532014844,7511355.598269754,4,4,30,4,"POLYGON ((117.12168 -22.50461, 117.121336 -22.504522, 117.121149 -22.504392, 117.121124 -22.50428, 117.121077 -22.50396, 117.121077 -22.503862, 117.12131 -22.503862, 117.121728 -22.504077, 117.121762 -22.504425, 117.121702 -22.50461, 117.12168 -22.50461))"
Intersection 195,481384.34324862174,7514161.4262318835,2,3,30,4,"POLYGON ((116.819025 -22.479262, 116.818687 -22.478897, 116.818687 -22.47868, 116.819143 -22.478365, 116.819191 -22.478365, 116.819308 -22.478457, 116.819308 -22.478473, 116.819258 -22.479263, 116.819025 -22.479262))"
Intersection 196,479282.5825091313,7515084.881027064,3,3,30,4,"POLYGON ((116.798531 -22.470892, 116.798332 -22.470839, 116.798317 -22.470291, 116.798317 -22.470074, 116.798401 -22.470074, 116.799049 -22.470255, 116.799049 -22.470472, 116.798531 -22.470892))"
Intersection 197,482460.46580997104,7514110.648312153,1,3,30,4,"POLYGON ((116.829397 -22.479677, 116.82928 -22.47959, 116.829121 -22.479057, 116.82918 -22.478872, 116.829203 -22.478873, 116.829286 -22.478904, 116.82982 -22.479176, 116.829966 -22.479266, 116.830014 -22.479312, 116.830016 -22.479313, 116.829883 -22.479451, 116.829528 -22.479645, 116.829445 -22.479677, 116.829397 -22.479677))"
Intersection 198,482969.5310967229,7513306.088081071,5,3,30,4,"POLYGON ((116.8345 -22.486991, 116.834335 -22.486838, 116.834072 -22.486457, 116.834072 -22.48624, 116.834347 -22.486153, 116.834541 -22.486274, 116.83472 -22.486562, 116.834817 -22.486725, 116.834851 -22.486801, 116.834851 -22.486837, 116.8345 -22.486991))"
Intersection 199,484693.7469364037,7513000.556249542,2,3,30,4,"POLYGON ((116.851501 -22.489726, 116.851419 -22.489695, 116.850755 -22.489409, 116.850739 -22.489378, 116.850755 -22.489193, 116.851045 -22.48903, 116.851278 -22.489031, 116.851502 -22.489148, 116.851584 -22.489541, 116.851531 -22.489726, 116.851501 -22.489726))"
Intersection 200,486228.15947496577,7513238.789823935,5,3,30,4,"POLYGON ((116.866329 -22.487616, 116.866164 -22.487553, 116.866005 -22.487462, 116.865707 -22.487164, 116.865707 -22.486947, 116.866184 -22.486812, 116.866232 -22.486812, 116.866335 -22.486978, 116.866494 -22.487508, 116.866494 -22.487553, 116.866433 -22.487616, 116.866329 -22.487616))"
Intersection 201,515446.3222071917,7509974.297879465,2,3,30,4,"POLYGON ((117.150473 -22.517098, 117.149807 -22.516841, 117.14971 -22.516751, 117.150064 -22.516292, 117.15018 -22.516203, 117.150229 -22.516203, 117.150346 -22.516312, 117.15036 -22.516325, 117.150394 -22.516402, 117.150589 -22.516944, 117.150589 -22.516989, 117.150532 -22.517097, 117.150473 -22.517098))"
Intersection 202,515308.53256157617,7510417.227175407,7,3,30,4,"POLYGON ((117.148684 -22.513138, 117.148636 -22.513093, 117.148524 -22.512899, 117.148523 -22.512682, 117.148604 -22.512564, 117.148734 -22.512384, 117.149058 -22.512275, 117.149106 -22.512275, 117.149223 -22.51235, 117.149238 -22.512397, 117.149204 -22.512504, 117.148884 -22.513074, 117.148684 -22.513138))"
Intersection 203,481633.7307759713,7513375.462796288,4,3,29,4,"POLYGON ((116.8213 -22.48624, 116.821052 -22.486037, 116.820961 -22.485928, 116.820961 -22.485883, 116.821077 -22.485775, 116.821758 -22.48564, 116.821905 -22.48564, 116.821904 -22.485857, 116.821534 -22.486241, 116.8213 -22.48624))"
Intersection 204,482201.45659374417,7512174.2377467295,1,3,29,4,"POLYGON ((116.827025 -22.497184, 116.826519 -22.496748, 116.826488 -22.496685, 116.826488 -22.496639, 116.826519 -22.496531, 116.826605 -22.496531, 116.82738 -22.496577, 116.82738 -22.496794, 116.82719 -22.497031, 116.827025 -22.497184))"
Intersection 205,482392.55178029713,7512806.824076404,2,3,29,4,"POLYGON ((116.828682 -22.491399, 116.828426 -22.490846, 116.828485 -22.490661, 116.828508 -22.490661, 116.828591 -22.490693, 116.828979 -22.490874, 116.829271 -22.491145, 116.829305 -22.491222, 116.829305 -22.491252, 116.828916 -22.4914, 116.828682 -22.491399))"
Intersection 206,482219.7514499263,7513811.586470361,2,3,29,4,"POLYGON ((116.826847 -22.482231, 116.82672 -22.482158, 116.826604 -22.48205, 116.826604 -22.482005, 116.826699 -22.481896, 116.827236 -22.481699, 116.827469 -22.481699, 116.827648 -22.482037, 116.827547 -22.482204, 116.82708 -22.482231, 116.826847 -22.482231))"
Intersection 207,483086.4320738778,7513241.203296325,1,3,29,4,"POLYGON ((116.835609 -22.487543, 116.835478 -22.487466, 116.835429 -22.487421, 116.835381 -22.48733, 116.835235 -22.487014, 116.835201 -22.486937, 116.835201 -22.48678, 116.835435 -22.48678, 116.835898 -22.48701, 116.835898 -22.487227, 116.835886 -22.487466, 116.835837 -22.487511, 116.835755 -22.487543, 116.835609 -22.487543))"
Intersection 208,484311.55129517196,7513499.182301847,1,3,29,4,"POLYGON ((116.847375 -22.485204, 116.847209 -22.485097, 116.847095 -22.484799, 116.847095 -22.484582, 116.847229 -22.484582, 116.847955 -22.484628, 116.847955 -22.484845, 116.847375 -22.485204))"
Intersection 209,485313.9959577623,7512854.196460672,6,3,29,4,"POLYGON ((116.857216 -22.49103, 116.856775 -22.490725, 116.856776 -22.490508, 116.857528 -22.490328, 116.85759 -22.490328, 116.85761 -22.490513, 116.85745 -22.49103, 116.857216 -22.49103))"
Intersection 210,485815.5037699517,7513118.110161215,3,3,29,4,"POLYGON ((116.862439 -22.488652, 116.861736 -22.488516, 116.861642 -22.488407, 116.861642 -22.488362, 116.861934 -22.487876, 116.862134 -22.487834, 116.862182 -22.48788, 116.86244 -22.488254, 116.862507 -22.488363, 116.862556 -22.488453, 116.862556 -22.488544, 116.862473 -22.488652, 116.862439 -22.488652))"
Intersection 211,499623.5836203058,7511100.320105951,1,3,29,4,"POLYGON ((116.996694 -22.506824, 116.996014 -22.506734, 116.995897 -22.506625, 116.995897 -22.50658, 116.995994 -22.506354, 116.996077 -22.506246, 116.996111 -22.506246, 116.996291 -22.506323, 116.996829 -22.506607, 116.996829 -22.506824, 116.996694 -22.506824))"
Intersection 212,514971.7915647678,7511205.344186398,1,3,29,4,"POLYGON ((117.145793 -22.505944, 117.145256 -22.50581, 117.145176 -22.505625, 117.145433 -22.505159, 117.145602 -22.505055, 117.145632 -22.505082, 117.145861 -22.505565, 117.145959 -22.505791, 117.145959 -22.505836, 117.145793 -22.505944))"
Intersection 213,517503.539366808,7509924.167683478,1,3,29,4,"POLYGON ((117.169821 -22.51744, 117.16974 -22.517255, 117.169997 -22.516754, 117.170231 -22.516754, 117.170649 -22.517041, 117.170717 -22.51715, 117.170717 -22.517195, 117.170601 -22.517303, 117.169823 -22.51744, 117.169821 -22.51744))"
Intersection 214,482581.3248797514,7514197.633216516,3,3,28,4,"POLYGON ((116.830759 -22.478865, 116.830676 -22.478833, 116.830471 -22.478718, 116.830385 -22.478607, 116.830351 -22.47853, 116.830351 -22.478395, 116.830385 -22.478318, 116.830434 -22.478273, 116.830531 -22.478228, 116.830614 -22.478196, 116.830662 -22.478197, 116.830842 -22.478274, 116.830988 -22.478364, 116.831036 -22.478409, 116.830964 -22.478594, 116.830785 -22.478865, 116.830759 -22.478865))"
Intersection 215,484351.748002325,7518434.727855295,2,3,28,4,"POLYGON ((116.84789 -22.44065, 116.847572 -22.440397, 116.847572 -22.44018, 116.848022 -22.439806, 116.848221 -22.439848, 116.848221 -22.439883, 116.848123 -22.44065, 116.84789 -22.44065))"
Intersection 216,484977.0712519485,7512896.577220494,12,3,28,4,"POLYGON ((116.853685 -22.490632, 116.853435 -22.490345, 116.853438 -22.490339, 116.854058 -22.489852, 116.854291 -22.489853, 116.854292 -22.49039, 116.854291 -22.490479, 116.854174 -22.490587, 116.854076 -22.490632, 116.853685 -22.490632))"
Intersection 217,494029.3435983,7512591.402864551,1,3,28,4,"POLYGON ((116.941668 -22.493307, 116.941586 -22.493276, 116.941537 -22.493231, 116.941617 -22.49282, 116.941766 -22.49282, 116.942443 -22.493046, 116.942443 -22.493263, 116.941863 -22.493308, 116.941668 -22.493307))"
Intersection 218,505826.4346306962,7510253.851363059,1,3,28,4,"POLYGON ((117.056493 -22.514583, 117.056376 -22.514477, 117.056253 -22.514177, 117.056253 -22.51396, 117.05659 -22.51396, 117.057125 -22.514005, 117.057125 -22.514222, 117.056624 -22.514551, 117.056542 -22.514583, 117.056493 -22.514583))"
Intersection 219,505718.24359586753,7510262.309858197,1,3,28,4,"POLYGON ((117.055667 -22.514538, 117.055143 -22.514087, 117.055143 -22.51387, 117.055229 -22.51387, 117.056004 -22.513915, 117.056004 -22.514132, 117.055832 -22.514451, 117.055715 -22.514538, 117.055667 -22.514538))"
Intersection 220,512098.11238771264,7510875.135293074,4,3,28,4,"POLYGON ((117.117483 -22.508927, 117.117226 -22.508678, 117.117143 -22.50857, 117.117143 -22.508525, 117.117259 -22.508416, 117.117682 -22.508267, 117.117807 -22.508264, 117.118072 -22.50828, 117.118072 -22.508497, 117.117717 -22.508927, 117.117483 -22.508927))"
Intersection 221,515139.5421397614,7510959.166509387,2,3,28,4,"POLYGON ((117.147191 -22.50817, 117.146992 -22.5081, 117.146863 -22.507478, 117.147028 -22.507324, 117.147482 -22.507701, 117.147666 -22.507871, 117.147501 -22.508024, 117.147191 -22.50817))"
Intersection 222,485289.60800075857,7512626.687863442,10,4,27,4,"POLYGON ((116.857034 -22.493111, 116.856631 -22.493002, 116.856631 -22.49292, 116.856826 -22.49228, 116.856906 -22.492179, 116.856943 -22.49218, 116.857059 -22.492281, 116.857365 -22.492889, 116.857399 -22.492966, 116.857399 -22.493003, 116.857034 -22.493111))"
Intersection 223,514754.530093999,7509630.967661869,4,4,27,4,"POLYGON ((117.143314 -22.520054, 117.143149 -22.5199, 117.143115 -22.519525, 117.143114 -22.519474, 117.143314 -22.519448, 117.143893 -22.519778, 117.143894 -22.519994, 117.143767 -22.52004, 117.143314 -22.520054))"
Intersection 224,481759.47821518703,7511076.680292414,1,3,27,4,"POLYGON ((116.822502 -22.507048, 116.82246 -22.507042, 116.822337 -22.506895, 116.822232 -22.506559, 116.822312 -22.506374, 116.822315 -22.506374, 116.823141 -22.506555, 116.823141 -22.506772, 116.822502 -22.507048))"
Intersection 225,482073.9151739637,7513255.979419538,1,3,27,4,"POLYGON ((116.82535 -22.487351, 116.825319 -22.487166, 116.825529 -22.486666, 116.825762 -22.486667, 116.826177 -22.48691, 116.826213 -22.487095, 116.826165 -22.48714, 116.826082 -22.487171, 116.825401 -22.487351, 116.82535 -22.487351))"
Intersection 226,481927.50782504026,7515289.168781138,2,3,27,4,"POLYGON ((116.824307 -22.468921, 116.824161 -22.468875, 116.824093 -22.468767, 116.824045 -22.468677, 116.823948 -22.468405, 116.823948 -22.468392, 116.824147 -22.468329, 116.82466 -22.468569, 116.824764 -22.468677, 116.824764 -22.468723, 116.824647 -22.468831, 116.824355 -22.468921, 116.824307 -22.468921))"
Intersection 227,491367.9742535841,7512992.000959828,2,3,27,4,"POLYGON ((116.916329 -22.489758, 116.915616 -22.489592, 116.915533 -22.48956, 116.91551 -22.489539, 116.915616 -22.489375, 116.91629 -22.489156, 116.916462 -22.489258, 116.916494 -22.489605, 116.916329 -22.489758))"
Intersection 228,481372.94647533284,7512444.653594809,4,3,26,4,"POLYGON ((116.818927 -22.494662, 116.818845 -22.49463, 116.818811 -22.494598, 116.818796 -22.494585, 116.818714 -22.494418, 116.818617 -22.494101, 116.818617 -22.493948, 116.81885 -22.493948, 116.819226 -22.494445, 116.819225 -22.494662, 116.818927 -22.494662))"
Intersection 229,482378.73536525946,7511334.379352942,3,3,26,4,"POLYGON ((116.828783 -22.504745, 116.828495 -22.504689, 116.828422 -22.504606, 116.82839 -22.504494, 116.828366 -22.504396, 116.828521 -22.503959, 116.828555 -22.503883, 116.82857 -22.503869, 116.828754 -22.503959, 116.829013 -22.504562, 116.828928 -22.504746, 116.828783 -22.504745))"
Intersection 230,482363.5488593882,7511429.036897469,2,3,26,4,"POLYGON ((116.82857 -22.503871, 116.828058 -22.50357, 116.828058 -22.503353, 116.828668 -22.503205, 116.828901 -22.503206, 116.828901 -22.503372, 116.828803 -22.503872, 116.82857 -22.503871))"
Intersection 231,482743.84761104407,7511653.140491812,4,3,26,4,"POLYGON ((116.832043 -22.501722, 116.831927 -22.501704, 116.831849 -22.501677, 116.831732 -22.501569, 116.831732 -22.501523, 116.831815 -22.501415, 116.832413 -22.501245, 116.832647 -22.501246, 116.832647 -22.501389, 116.832643 -22.501479, 116.832513 -22.50166, 116.832398 -22.501691, 116.832238 -22.501723, 116.832043 -22.501722))"
Intersection 232,482456.2479431053,7511901.483217531,7,3,26,4,"POLYGON ((116.8294 -22.499713, 116.829387 -22.4997, 116.829338 -22.499655, 116.829256 -22.499488, 116.829223 -22.499301, 116.829256 -22.499082, 116.829339 -22.498915, 116.829388 -22.498824, 116.829437 -22.498779, 116.829464 -22.498754, 116.829629 -22.498907, 116.829552 -22.499701, 116.829539 -22.499713, 116.8294 -22.499713))"
Intersection 233,482682.20445599273,7513391.717133297,2,3,26,4,"POLYGON ((116.831557 -22.486209, 116.831258 -22.485731, 116.831258 -22.485515, 116.831917 -22.48547, 116.832014 -22.48547, 116.832013 -22.485687, 116.83179 -22.48621, 116.831557 -22.486209))"
Intersection 234,482431.8025513753,7513957.146414147,4,3,26,4,"POLYGON ((116.829249 -22.480941, 116.829137 -22.480909, 116.829104 -22.480896, 116.828987 -22.480787, 116.828973 -22.480774, 116.82889 -22.480652, 116.828876 -22.480575, 116.82889 -22.480381, 116.828925 -22.480304, 116.828928 -22.480301, 116.829124 -22.480381, 116.829531 -22.480689, 116.829696 -22.480843, 116.829672 -22.480865, 116.829623 -22.48091, 116.829541 -22.480942, 116.829249 -22.480941))"
Intersection 235,482782.41912388,7514126.367881444,4,3,26,4,"POLYGON ((116.832751 -22.47959, 116.832537 -22.479391, 116.832522 -22.479377, 116.83244 -22.479255, 116.832391 -22.479165, 116.832392 -22.478894, 116.83244 -22.478748, 116.832674 -22.478748, 116.832916 -22.479482, 116.832916 -22.479484, 116.832799 -22.47959, 116.832751 -22.47959))"
Intersection 236,483975.1274366672,7513503.1079611005,1,3,26,4,"POLYGON ((116.844098 -22.485139, 116.843789 -22.48475, 116.84379 -22.484534, 116.843973 -22.484534, 116.84465 -22.48458, 116.84465 -22.484796, 116.844332 -22.485139, 116.844098 -22.485139))"
Intersection 237,484130.5514707441,7518286.254025448,2,3,26,4,"POLYGON ((116.845851 -22.442006, 116.845818 -22.441976, 116.845508 -22.441687, 116.845459 -22.441596, 116.845459 -22.441551, 116.845508 -22.441461, 116.845591 -22.441339, 116.845639 -22.441294, 116.845737 -22.441249, 116.845819 -22.441217, 116.845868 -22.441217, 116.845984 -22.441304, 116.846016 -22.441853, 116.845851 -22.442006))"
Intersection 238,485607.44258338143,7512978.414834791,2,3,26,4,"POLYGON ((116.860041 -22.489945, 116.859678 -22.489779, 116.859634 -22.489594, 116.859682 -22.489549, 116.860071 -22.489278, 116.860217 -22.489188, 116.860349 -22.489111, 116.860397 -22.489111, 116.860465 -22.489219, 116.860483 -22.489293, 116.860221 -22.489852, 116.860105 -22.489915, 116.860041 -22.489945))"
Intersection 239,512564.00684285496,7511164.069708182,2,3,26,4,"POLYGON ((117.122168 -22.506281, 117.12207 -22.506236, 117.121939 -22.506159, 117.121891 -22.506114, 117.121856 -22.506037, 117.121823 -22.505908, 117.121928 -22.505714, 117.122055 -22.505689, 117.122264 -22.505702, 117.12241 -22.505748, 117.122527 -22.505856, 117.122527 -22.505901, 117.122239 -22.506281, 117.122168 -22.506281))"
Intersection 240,481376.38615758315,7514565.433798123,2,3,25,4,"POLYGON ((116.819098 -22.4756, 116.818821 -22.475387, 116.818773 -22.475342, 116.818724 -22.475252, 116.818724 -22.475053, 116.818739 -22.474995, 116.818836 -22.474785, 116.818871 -22.474783, 116.81907 -22.474785, 116.819215 -22.475447, 116.819215 -22.475492, 116.819105 -22.4756, 116.819098 -22.4756))"
Intersection 241,482045.7850006929,7511773.348734816,1,3,25,4,"POLYGON ((116.825336 -22.500812, 116.825219 -22.500725, 116.824977 -22.500161, 116.824977 -22.500156, 116.825094 -22.500053, 116.825191 -22.500053, 116.825823 -22.500234, 116.825905 -22.500266, 116.825954 -22.500311, 116.825917 -22.500496, 116.825385 -22.500812, 116.825336 -22.500812))"
Intersection 242,482197.4539188256,7511479.538507732,8,3,25,4,"POLYGON ((116.827131 -22.503343, 116.826537 -22.503207, 116.826515 -22.503022, 116.826529 -22.502842, 116.826629 -22.502719, 116.826755 -22.50268, 116.82739 -22.503127, 116.82739 -22.503344, 116.827131 -22.503343))"
Intersection 243,482214.0735898832,7514243.948485815,2,3,25,4,"POLYGON ((116.826787 -22.478454, 116.826706 -22.478346, 116.826706 -22.478301, 116.82674 -22.478224, 116.827178 -22.477637, 116.827204 -22.477613, 116.827377 -22.477714, 116.827406 -22.477922, 116.827406 -22.478139, 116.827279 -22.478346, 116.826822 -22.478454, 116.826787 -22.478454))"
Intersection 244,482152.51673346537,7514630.250552697,5,3,25,4,"POLYGON ((116.82662 -22.47501, 116.826598 -22.474989, 116.826079 -22.474325, 116.826064 -22.474248, 116.826113 -22.474203, 116.826244 -22.474217, 116.826327 -22.474249, 116.826909 -22.474656, 116.82694 -22.474684, 116.826797 -22.474913, 116.82662 -22.47501))"
Intersection 245,482633.5489176316,7514451.144424709,1,3,25,4,"POLYGON ((116.831539 -22.476472, 116.830836 -22.476426, 116.830833 -22.475995, 116.830957 -22.475848, 116.830998 -22.475842, 116.831136 -22.475925, 116.83167 -22.476287, 116.831703 -22.476318, 116.831588 -22.476472, 116.831539 -22.476472))"
Intersection 246,482850.66006252373,7514019.041301848,4,3,25,4,"POLYGON ((116.833393 -22.480573, 116.833216 -22.480476, 116.833019 -22.47984, 116.833022 -22.479798, 116.833184 -22.479686, 116.833319 -22.479812, 116.833528 -22.480051, 116.833527 -22.480313, 116.833498 -22.480386, 116.833464 -22.480462, 116.833415 -22.480553, 116.833393 -22.480573))"
Intersection 247,505773.05177544284,7510218.131309502,2,3,25,4,"POLYGON ((117.056007 -22.514719, 117.055813 -22.514674, 117.055681 -22.514597, 117.055633 -22.514552, 117.055599 -22.514475, 117.055599 -22.514456, 117.055798 -22.514398, 117.056493 -22.514366, 117.056542 -22.514366, 117.05661 -22.514475, 117.05663 -22.514546, 117.056624 -22.514551, 117.05643 -22.514687, 117.056347 -22.514719, 117.056007 -22.514719))"
Intersection 248,513403.9640293468,7511867.713832625,2,3,25,4,"POLYGON ((117.130212 -22.499945, 117.129954 -22.499377, 117.130051 -22.499269, 117.130066 -22.499255, 117.130085 -22.499237, 117.1301 -22.499224, 117.130119 -22.499224, 117.130299 -22.499255, 117.130651 -22.499553, 117.130688 -22.499661, 117.130688 -22.499706, 117.130652 -22.49977, 117.130446 -22.499944, 117.130212 -22.499945))"
Intersection 249,518253.2100380659,7510125.226414908,7,3,25,4,"POLYGON ((117.177469 -22.515728, 117.177435 -22.515722, 117.177304 -22.515419, 117.177288 -22.515245, 117.177288 -22.515065, 117.17732 -22.515004, 117.177336 -22.514974, 117.177419 -22.514852, 117.177439 -22.514833, 117.177586 -22.514851, 117.177599 -22.514869, 117.177618 -22.514929, 117.177668 -22.515651, 117.177668 -22.515722, 117.177469 -22.515728))"
Intersection 250,511952.8955130155,7511601.201585465,1,4,24,4,"POLYGON ((117.116007 -22.502446, 117.115956 -22.502261, 117.116165 -22.501615, 117.116398 -22.501614, 117.116461 -22.502052, 117.11617 -22.502369, 117.116121 -22.502414, 117.116039 -22.502446, 117.116007 -22.502446))"
Intersection 251,482678.13883819873,7512274.72858227,1,3,24,4,"POLYGON ((116.831613 -22.496166, 116.831482 -22.496089, 116.831467 -22.496076, 116.831205 -22.495831, 116.831205 -22.495802, 116.831321 -22.495723, 116.831594 -22.495654, 116.83171 -22.495633, 116.831759 -22.495633, 116.831827 -22.495654, 116.831876 -22.495742, 116.831875 -22.495968, 116.831792 -22.496089, 116.83171 -22.496166, 116.831613 -22.496166))"
Intersection 252,482517.57984028955,7514075.699665277,2,3,24,4,"POLYGON ((116.830125 -22.480039, 116.830009 -22.479952, 116.829718 -22.479343, 116.829718 -22.479298, 116.829805 -22.479189, 116.829835 -22.479189, 116.829966 -22.479266, 116.830111 -22.479357, 116.83022 -22.479427, 116.830279 -22.479482, 116.83034 -22.479615, 116.83034 -22.47975, 116.830291 -22.479931, 116.830174 -22.480039, 116.830125 -22.480039))"
Intersection 253,483711.43310546054,7513636.820074944,2,3,24,4,"POLYGON ((116.841592 -22.483845, 116.841378 -22.483646, 116.841364 -22.483632, 116.841233 -22.483465, 116.841233 -22.48342, 116.841349 -22.483357, 116.841415 -22.483328, 116.842036 -22.483493, 116.842049 -22.483601, 116.842049 -22.483647, 116.842036 -22.48371, 116.84182 -22.483813, 116.841738 -22.483845, 116.841592 -22.483845))"
Intersection 254,484208.0940061053,7518197.386681727,1,3,24,4,"POLYGON ((116.846643 -22.44279, 116.846527 -22.442703, 116.846062 -22.442158, 116.84609 -22.442094, 116.846158 -22.441986, 116.846207 -22.441986, 116.846435 -22.442108, 116.846838 -22.442348, 116.847003 -22.442456, 116.847003 -22.442501, 116.846692 -22.44279, 116.846643 -22.44279))"
Intersection 255,485786.8572744412,7513188.10529517,2,3,24,4,"POLYGON ((116.862017 -22.488033, 116.861517 -22.487567, 116.8614 -22.487459, 116.8614 -22.487413, 116.861503 -22.487305, 116.861517 -22.487305, 116.861951 -22.487498, 116.862037 -22.487608, 116.862119 -22.48773, 116.862216 -22.487956, 116.862216 -22.487969, 116.862017 -22.488033))"
Intersection 256,491053.7798227994,7513005.707376498,1,3,24,4,"POLYGON ((116.91283 -22.489604, 116.912631 -22.489594, 116.912631 -22.489527, 116.91268 -22.489347, 116.912845 -22.489193, 116.91286 -22.48918, 116.912957 -22.489135, 116.913088 -22.489103, 116.913234 -22.489103, 116.913429 -22.489148, 116.913429 -22.489365, 116.912865 -22.489594, 116.91283 -22.489604))"
Intersection 257,512646.8624731635,7510655.084300436,2,3,24,4,"POLYGON ((117.12259 -22.510739, 117.122589 -22.510599, 117.122624 -22.510522, 117.122672 -22.510432, 117.122721 -22.510386, 117.122852 -22.510309, 117.122964 -22.510296, 117.123046 -22.510309, 117.123129 -22.510341, 117.123144 -22.510354, 117.123309 -22.510508, 117.123323 -22.510521, 117.123358 -22.510598, 117.123358 -22.510739, 117.12259 -22.510739))"
Intersection 258,481682.4417482323,7511019.347367381,2,3,23,4,"POLYGON ((116.821474 -22.507448, 116.821474 -22.507231, 116.822168 -22.506961, 116.822266 -22.506961, 116.822382 -22.507025, 116.822382 -22.507069, 116.822265 -22.507178, 116.822007 -22.507326, 116.82191 -22.507371, 116.821827 -22.507403, 116.821682 -22.507448, 116.821474 -22.507448))"
Intersection 259,481391.19041772094,7513816.475441628,2,3,23,4,"POLYGON ((116.819235 -22.482376, 116.819118 -22.482267, 116.818779 -22.481635, 116.818779 -22.481589, 116.818954 -22.481491, 116.818978 -22.481513, 116.819124 -22.481694, 116.819221 -22.481829, 116.819318 -22.48201, 116.819352 -22.482087, 116.8194 -22.482268, 116.8194 -22.482281, 116.819283 -22.482376, 116.819235 -22.482376))"
Intersection 260,480091.6788672013,7514524.6700034775,3,3,23,4,"POLYGON ((116.806801 -22.475857, 116.806071 -22.47545, 116.806072 -22.475233, 116.80617 -22.475233, 116.806316 -22.475278, 116.806398 -22.47531, 116.806495 -22.475355, 116.806641 -22.475446, 116.806704 -22.475505, 116.806918 -22.475704, 116.806918 -22.475749, 116.806816 -22.475857, 116.806801 -22.475857))"
Intersection 261,481993.715814868,7513201.791339994,2,3,23,4,"POLYGON ((116.824623 -22.487847, 116.824507 -22.487771, 116.824507 -22.487739, 116.824638 -22.487572, 116.824736 -22.487482, 116.82493 -22.487346, 116.82511 -22.487225, 116.825207 -22.48718, 116.825304 -22.48718, 116.825421 -22.487267, 116.825421 -22.487288, 116.825304 -22.487396, 116.824672 -22.487847, 116.824623 -22.487847))"
Intersection 262,482307.3992674065,7511800.325159026,3,3,23,4,"POLYGON ((116.828149 -22.500529, 116.827879 -22.500331, 116.827767 -22.500227, 116.827699 -22.500074, 116.827685 -22.499816, 116.827734 -22.499771, 116.827779 -22.49974, 116.827817 -22.49974, 116.828384 -22.500377, 116.828358 -22.500432, 116.828149 -22.500529))"
Intersection 263,482086.4816285057,7514726.3425278105,1,3,23,4,"POLYGON ((116.82605 -22.474162, 116.825564 -22.473891, 116.825452 -22.473733, 116.825788 -22.473289, 116.826022 -22.473289, 116.826215 -22.474054, 116.826215 -22.474076, 116.826098 -22.474162, 116.82605 -22.474162))"
Intersection 264,482435.70531210746,7512303.273236897,3,3,23,4,"POLYGON ((116.828842 -22.495847, 116.828753 -22.495668, 116.82876 -22.495662, 116.829295 -22.495391, 116.829523 -22.495405, 116.829668 -22.49545, 116.829668 -22.495667, 116.828988 -22.495847, 116.828842 -22.495847))"
Intersection 265,482779.125016784,7514348.511134136,3,3,23,4,"POLYGON ((116.832636 -22.477532, 116.832248 -22.476861, 116.832248 -22.476843, 116.832365 -22.476753, 116.832414 -22.476753, 116.832496 -22.476785, 116.832559 -22.476843, 116.832802 -22.477069, 116.83287 -22.477223, 116.83287 -22.477532, 116.832636 -22.477532))"
Intersection 266,484526.624708388,7517755.4815918505,1,3,23,4,"POLYGON ((116.849734 -22.446781, 116.849535 -22.446739, 116.849342 -22.446117, 116.849342 -22.446072, 116.849458 -22.446009, 116.849523 -22.445979, 116.849701 -22.446145, 116.849866 -22.446298, 116.84988 -22.446375, 116.849866 -22.446524, 116.849817 -22.44666, 116.849783 -22.446736, 116.849734 -22.446781))"
Intersection 267,486347.04831381276,7512486.36689586,9,3,23,4,"POLYGON ((116.867446 -22.494398, 116.86725 -22.494291, 116.86719 -22.494236, 116.867081 -22.494058, 116.866984 -22.493832, 116.866984 -22.493614, 116.867217 -22.493614, 116.867611 -22.494245, 116.867489 -22.494393, 116.867446 -22.494398))"
Intersection 268,494588.52476764115,7512505.653621184,4,3,23,4,"POLYGON ((116.947534 -22.494086, 116.947323 -22.49404, 116.947096 -22.493988, 116.946933 -22.493865, 116.946888 -22.493824, 116.947015 -22.49368, 116.947053 -22.49367, 116.947828 -22.49377, 116.947828 -22.493987, 116.94776 -22.494033, 116.947534 -22.494086))"
Intersection 269,486699.9275185399,7513133.632327932,2,3,23,4,"POLYGON ((116.870897 -22.488388, 116.870495 -22.488245, 116.87028 -22.488085, 116.870232 -22.488039, 116.870223 -22.488031, 116.870363 -22.4879, 116.870388 -22.487878, 116.871174 -22.488203, 116.87118 -22.488208, 116.871092 -22.488388, 116.870897 -22.488388))"
Intersection 270,512027.1791594676,7510855.433063056,1,3,23,4,"POLYGON ((117.11656 -22.50907, 117.11656 -22.508977, 117.116608 -22.508841, 117.116642 -22.508765, 117.116657 -22.508751, 117.116773 -22.508643, 117.116788 -22.508629, 117.116919 -22.508552, 117.117114 -22.508462, 117.117259 -22.508416, 117.117262 -22.508416, 117.117376 -22.508525, 117.117376 -22.50857, 117.11726 -22.508678, 117.116793 -22.50907, 117.11656 -22.50907))"
Intersection 271,515456.43352374865,7509833.120335027,2,3,23,4,"POLYGON ((117.149869 -22.518182, 117.149869 -22.517965, 117.150542 -22.517676, 117.150619 -22.517694, 117.150736 -22.517757, 117.150736 -22.517802, 117.150605 -22.517969, 117.15059 -22.517983, 117.150474 -22.518091, 117.150231 -22.518182, 117.149869 -22.518182))"
Intersection 272,513054.98933926516,7511003.0360319065,8,3,23,4,"POLYGON ((117.126646 -22.507824, 117.126541 -22.50763, 117.126962 -22.507072, 117.12712 -22.506957, 117.127161 -22.506995, 117.127195 -22.507072, 117.127258 -22.507239, 117.127244 -22.507343, 117.127232 -22.50743, 117.127183 -22.507475, 117.127016 -22.5076, 117.126821 -22.507736, 117.126694 -22.507802, 117.126646 -22.507824))"
Intersection 273,512801.9657242652,7511697.342661703,2,3,23,4,"POLYGON ((117.124691 -22.501491, 117.124083 -22.50113, 117.124083 -22.500913, 117.124253 -22.500868, 117.124448 -22.500868, 117.124594 -22.500913, 117.12471 -22.501021, 117.124759 -22.501111, 117.124808 -22.501247, 117.124808 -22.501382, 117.124721 -22.501491, 117.124691 -22.501491))"
Intersection 274,518390.40245147434,7510255.859688976,4,3,23,4,"POLYGON ((117.178522 -22.514449, 117.178407 -22.514294, 117.178973 -22.513767, 117.179018 -22.513725, 117.179173 -22.513843, 117.179183 -22.513878, 117.179139 -22.513992, 117.179063 -22.514111, 117.178799 -22.514327, 117.178653 -22.514417, 117.178571 -22.514449, 117.178522 -22.514449))"
Intersection 275,511996.83945658925,7510787.878943077,2,5,22,4,"POLYGON ((117.116512 -22.509767, 117.116337 -22.509492, 117.1163 -22.509396, 117.116336 -22.509275, 117.116373 -22.50919, 117.116594 -22.5089, 117.116612 -22.508883, 117.116793 -22.508977, 117.116968 -22.509275, 117.116969 -22.509492, 117.116745 -22.509767, 117.116512 -22.509767))"
Intersection 276,481460.5893721342,7513628.8153848825,2,3,22,4,"POLYGON ((116.82001 -22.484048, 116.819831 -22.483926, 116.819782 -22.483881, 116.819674 -22.483765, 116.819588 -22.483654, 116.819505 -22.483533, 116.819457 -22.483397, 116.819457 -22.483307, 116.81963 -22.483206, 116.819656 -22.48323, 116.820127 -22.483895, 116.820127 -22.48394, 116.820045 -22.484048, 116.82001 -22.484048))"
Intersection 277,481849.44100053294,7511360.958021002,2,3,22,4,"POLYGON ((116.823192 -22.504468, 116.823102 -22.504291, 116.82311 -22.504283, 116.823777 -22.503755, 116.823825 -22.503755, 116.823942 -22.503836, 116.823942 -22.503864, 116.823686 -22.504222, 116.823567 -22.504302, 116.823421 -22.504392, 116.823324 -22.504437, 116.823241 -22.504468, 116.823192 -22.504468))"
Intersection 278,481926.6303881296,7511425.793011022,5,3,22,4,"POLYGON ((116.824008 -22.503802, 116.823855 -22.503683, 116.823844 -22.503648, 116.823858 -22.503593, 116.823988 -22.503412, 116.824098 -22.503322, 116.824331 -22.503322, 116.82473 -22.503395, 116.82473 -22.503612, 116.824008 -22.503802))"
Intersection 279,484202.589246961,7517154.887434974,2,3,22,4,"POLYGON ((116.846116 -22.452095, 116.846116 -22.451878, 116.846566 -22.451491, 116.846799 -22.451491, 116.846799 -22.451625, 116.84675 -22.451761, 116.846716 -22.451838, 116.846701 -22.451851, 116.846487 -22.45205, 116.846473 -22.452063, 116.84639 -22.452095, 116.846116 -22.452095))"
Intersection 280,494796.9038828342,7512585.3630070975,2,3,22,4,"POLYGON ((116.949494 -22.493446, 116.949315 -22.493369, 116.949251 -22.49331, 116.949169 -22.493233, 116.949135 -22.493156, 116.949135 -22.492824, 116.949368 -22.492824, 116.949744 -22.493229, 116.949744 -22.493446, 116.949494 -22.493446))"
Intersection 281,515484.0955773451,7509680.866735698,2,3,22,4,"POLYGON ((117.150194 -22.519627, 117.150194 -22.51941, 117.150798 -22.518975, 117.150963 -22.519128, 117.150801 -22.519351, 117.150636 -22.519505, 117.150587 -22.51955, 117.150281 -22.519627, 117.150194 -22.519627))"
Intersection 282,515067.0278632919,7509998.45454152,2,3,22,4,"POLYGON ((117.14668 -22.516875, 117.146598 -22.516843, 117.146403 -22.516753, 117.14632 -22.516677, 117.146272 -22.516586, 117.146271 -22.51627, 117.146368 -22.516073, 117.146402 -22.516058, 117.146602 -22.516073, 117.146763 -22.51669, 117.146715 -22.516875, 117.14668 -22.516875))"
Intersection 283,513420.04567207105,7510436.883142907,1,3,22,4,"POLYGON ((117.130876 -22.512778, 117.130681 -22.512733, 117.130535 -22.512688, 117.130453 -22.512657, 117.130258 -22.512566, 117.130146 -22.512508, 117.130015 -22.512431, 117.130013 -22.512429, 117.130029 -22.512354, 117.130097 -22.512246, 117.130146 -22.512246, 117.130909 -22.512548, 117.130958 -22.512593, 117.130899 -22.512778, 117.130876 -22.512778))"
Intersection 284,513038.02176417015,7510832.331620761,3,3,22,4,"POLYGON ((117.126621 -22.509372, 117.126516 -22.509178, 117.126574 -22.508528, 117.126807 -22.508528, 117.126954 -22.508638, 117.127031 -22.508725, 117.127031 -22.508942, 117.126954 -22.509328, 117.126621 -22.509372))"
Intersection 285,514935.5115217455,7511168.211912896,1,3,22,4,"POLYGON ((117.145179 -22.506322, 117.14508 -22.50623, 117.145031 -22.50614, 117.144948 -22.505973, 117.144948 -22.505792, 117.145113 -22.505638, 117.145128 -22.505625, 117.145225 -22.50558, 117.145307 -22.505548, 117.145404 -22.505548, 117.145501 -22.50572, 117.145343 -22.506168, 117.145179 -22.506322))"
Intersection 286,517669.166221691,7510108.12711233,1,3,22,4,"POLYGON ((117.171471 -22.515721, 117.171357 -22.515613, 117.171357 -22.515568, 117.171474 -22.515459, 117.171877 -22.515129, 117.172076 -22.515161, 117.172154 -22.515368, 117.172154 -22.515585, 117.171474 -22.515721, 117.171471 -22.515721))"
Intersection 287,515690.710022477,7510286.13885874,1,3,22,4,"POLYGON ((117.152949 -22.514114, 117.152125 -22.513889, 117.152125 -22.513672, 117.152497 -22.513656, 117.152719 -22.513724, 117.152983 -22.513884, 117.153031 -22.513929, 117.152952 -22.514114, 117.152949 -22.514114))"
Intersection 288,482550.2889354088,7515347.303832714,1,4,21,4,"POLYGON ((116.830337 -22.468419, 116.830266 -22.468367, 116.829968 -22.468089, 116.830133 -22.467936, 116.830626 -22.467898, 116.830675 -22.467898, 116.830743 -22.468006, 116.830775 -22.468066, 116.830499 -22.468367, 116.830337 -22.468419))"
Intersection 289,481373.83690005157,7512553.033803584,2,3,21,4,"POLYGON ((116.818617 -22.493666, 116.818618 -22.493379, 116.818652 -22.493302, 116.818701 -22.493212, 116.818798 -22.493121, 116.818881 -22.49309, 116.819221 -22.49309, 116.819318 -22.493261, 116.819303 -22.493275, 116.818851 -22.493666, 116.818617 -22.493666))"
Intersection 290,479551.7849113334,7514585.378384687,2,3,21,4,"POLYGON ((116.800824 -22.475172, 116.800736 -22.474992, 116.800741 -22.474987, 116.800839 -22.474942, 116.800936 -22.474897, 116.801018 -22.474865, 116.801164 -22.47482, 116.801407 -22.474775, 116.801456 -22.474775, 116.801673 -22.474821, 116.801673 -22.475038, 116.800872 -22.475172, 116.800824 -22.475172))"
Intersection 291,479928.52160229196,7514645.138199882,1,3,21,4,"POLYGON ((116.804795 -22.474874, 116.804596 -22.4748, 116.804596 -22.474797, 116.804888 -22.47412, 116.804937 -22.474054, 116.805005 -22.474012, 116.805054 -22.474012, 116.80517 -22.474054, 116.80517 -22.47412, 116.804975 -22.474572, 116.804941 -22.474649, 116.804843 -22.474829, 116.804795 -22.474874))"
Intersection 292,481999.57491374435,7512756.851462251,2,3,21,4,"POLYGON ((116.825216 -22.491836, 116.824601 -22.491506, 116.824601 -22.491289, 116.825008 -22.491248, 116.825137 -22.491308, 116.825202 -22.491368, 116.825381 -22.491683, 116.825415 -22.49176, 116.825415 -22.491788, 116.825216 -22.491836))"
Intersection 293,481781.73058570054,7512942.636108159,2,3,21,4,"POLYGON ((116.822695 -22.490284, 116.822608 -22.490176, 116.822608 -22.490086, 116.822762 -22.489712, 116.822983 -22.489467, 116.823056 -22.4894, 116.82322 -22.489554, 116.822841 -22.490176, 116.822724 -22.490284, 116.822695 -22.490284))"
Intersection 294,482113.37706351577,7515265.966610761,2,3,21,4,"POLYGON ((116.82609 -22.469298, 116.825891 -22.469237, 116.825891 -22.469221, 116.82594 -22.468859, 116.825959 -22.468751, 116.826072 -22.468602, 116.826135 -22.468543, 116.8263 -22.46839, 116.826323 -22.46839, 116.826417 -22.468498, 116.826417 -22.468544, 116.826173 -22.469176, 116.826138 -22.469252, 116.82609 -22.469298))"
Intersection 295,482675.09486039047,7516117.2962502,2,3,21,4,"POLYGON ((116.831946 -22.461431, 116.831204 -22.461249, 116.831135 -22.461064, 116.831184 -22.461019, 116.831281 -22.460974, 116.831364 -22.460942, 116.831621 -22.460929, 116.831738 -22.460974, 116.831835 -22.46102, 116.83198 -22.461155, 116.832063 -22.461277, 116.832063 -22.461322, 116.831956 -22.461431, 116.831946 -22.461431))"
Intersection 296,483980.8720412356,7513745.547676174,1,3,21,4,"POLYGON ((116.844008 -22.482867, 116.843809 -22.482819, 116.843809 -22.48279, 116.843844 -22.482713, 116.843941 -22.482623, 116.844121 -22.482501, 116.844218 -22.482456, 116.844461 -22.482366, 116.844693 -22.482366, 116.844693 -22.482583, 116.844008 -22.482867))"
Intersection 297,484542.10235745576,7517942.155712783,1,3,21,4,"POLYGON ((116.849842 -22.445147, 116.849683 -22.445033, 116.849538 -22.444491, 116.849538 -22.444308, 116.849771 -22.444308, 116.84998 -22.444641, 116.850014 -22.444717, 116.850013 -22.444853, 116.849931 -22.44502, 116.849882 -22.44511, 116.849842 -22.445147))"
Intersection 298,486026.2795325317,7512795.738895795,2,3,21,4,"POLYGON ((116.864026 -22.491377, 116.863943 -22.491363, 116.863798 -22.491318, 116.863715 -22.491286, 116.863667 -22.491241, 116.863712 -22.491056, 116.864564 -22.491057, 116.864643 -22.491165, 116.864643 -22.49121, 116.864527 -22.491319, 116.864332 -22.491364, 116.86425 -22.491377, 116.864026 -22.491377))"
Intersection 299,514939.55459668604,7510027.41962746,2,3,21,4,"POLYGON ((117.144978 -22.516561, 117.144868 -22.516401, 117.145396 -22.515874, 117.145464 -22.515846, 117.145512 -22.515846, 117.145629 -22.515874, 117.145629 -22.515955, 117.145498 -22.516167, 117.145374 -22.516358, 117.145027 -22.51656, 117.144978 -22.516561))"
Intersection 300,512890.4236065328,7510742.329995065,1,3,21,4,"POLYGON ((117.12572 -22.510027, 117.124905 -22.509757, 117.124904 -22.50954, 117.125087 -22.50954, 117.125282 -22.509585, 117.125462 -22.509662, 117.125754 -22.509797, 117.125802 -22.509842, 117.125722 -22.510027, 117.12572 -22.510027))"
Intersection 301,516253.8619395812,7509646.692931363,1,3,21,4,"POLYGON ((117.158094 -22.519769, 117.157866 -22.519755, 117.157671 -22.51971, 117.157589 -22.519679, 117.157549 -22.519642, 117.157671 -22.519494, 117.157714 -22.519489, 117.157865 -22.519493, 117.158498 -22.519538, 117.158498 -22.519755, 117.158094 -22.519769))"
Intersection 302,516117.4897071131,7510185.222403414,3,3,21,4,"POLYGON ((117.156353 -22.515059, 117.156236 -22.514967, 117.156236 -22.514951, 117.156353 -22.514842, 117.156416 -22.514784, 117.156562 -22.514693, 117.156693 -22.514616, 117.15679 -22.514571, 117.157082 -22.51448, 117.157124 -22.51448, 117.157165 -22.514665, 117.157116 -22.514711, 117.156484 -22.515027, 117.156402 -22.515059, 117.156353 -22.515059))"
Intersection 303,518664.3366317114,7510174.980997145,1,3,21,4,"POLYGON ((117.181163 -22.515214, 117.181129 -22.515106, 117.181129 -22.51506, 117.181163 -22.514997, 117.181614 -22.514496, 117.181682 -22.514455, 117.181731 -22.514454, 117.181847 -22.514496, 117.181847 -22.514563, 117.181765 -22.514685, 117.181571 -22.514956, 117.181376 -22.515137, 117.181245 -22.515214, 117.181163 -22.515214))"
Intersection 304,482613.83059495664,7511999.426452863,4,5,20,4,"POLYGON ((116.831062 -22.498531, 116.830642 -22.498514, 116.830643 -22.498297, 116.830914 -22.498206, 116.83114 -22.498154, 116.831273 -22.498309, 116.831283 -22.498462, 116.831169 -22.498503, 116.831062 -22.498531))"
Intersection 305,515336.0389068199,7509632.777431964,4,4,20,4,"POLYGON ((117.149052 -22.519961, 117.148774 -22.519945, 117.148774 -22.519728, 117.148859 -22.519643, 117.148949 -22.51961, 117.149406 -22.519592, 117.149467 -22.519592, 117.149523 -22.5197, 117.149523 -22.519745, 117.149468 -22.519809, 117.149406 -22.519854, 117.149052 -22.519961))"
Intersection 306,480626.39090360317,7513829.984961031,1,3,20,4,"POLYGON ((116.811241 -22.48196, 116.811241 -22.481743, 116.811474 -22.48164, 116.811556 -22.481608, 116.811702 -22.481608, 116.811993 -22.481699, 116.812076 -22.481731, 116.812124 -22.481776, 116.812065 -22.481961, 116.811241 -22.48196))"
Intersection 307,481393.1683650742,7514088.158147702,1,3,20,4,"POLYGON ((116.819058 -22.479905, 116.81901 -22.47986, 116.818976 -22.479783, 116.818976 -22.479467, 116.819025 -22.479063, 116.819259 -22.479063, 116.819257 -22.479871, 116.819058 -22.479905))"
Intersection 308,479272.74897722667,7514406.274482555,1,3,20,4,"POLYGON ((116.798245 -22.476976, 116.798128 -22.476889, 116.798128 -22.476867, 116.798211 -22.4767, 116.798309 -22.476565, 116.798504 -22.476384, 116.798698 -22.476249, 116.798781 -22.476218, 116.798829 -22.476218, 116.798925 -22.47639, 116.79841 -22.476868, 116.798294 -22.476976, 116.798245 -22.476976))"
Intersection 309,482774.4828095822,7511715.46226558,1,3,20,4,"POLYGON ((116.832413 -22.501343, 116.83236 -22.500615, 116.832366 -22.500575, 116.832525 -22.500462, 116.832565 -22.500499, 116.832599 -22.500576, 116.832647 -22.500711, 116.832696 -22.500982, 116.832695 -22.501118, 116.832647 -22.501344, 116.832413 -22.501343))"
Intersection 310,482961.49224946694,7512970.92423779,2,3,20,4,"POLYGON ((116.834349 -22.489785, 116.834245 -22.489755, 116.834163 -22.489723, 116.833871 -22.489587, 116.833837 -22.489556, 116.833954 -22.489402, 116.834003 -22.489402, 116.834753 -22.489493, 116.834848 -22.489602, 116.834848 -22.489647, 116.834731 -22.489755, 116.834349 -22.489785))"
Intersection 311,484164.1694723798,7513098.721390636,2,3,20,4,"POLYGON ((116.846253 -22.488683, 116.846072 -22.488653, 116.84585 -22.488585, 116.845602 -22.488302, 116.845602 -22.488257, 116.845713 -22.488149, 116.845719 -22.488149, 116.846489 -22.488466, 116.846489 -22.488683, 116.846253 -22.488683))"
Intersection 312,484276.9248801476,7513832.00027357,1,3,20,4,"POLYGON ((116.84682 -22.482179, 116.846761 -22.481993, 116.846809 -22.481948, 116.847385 -22.481459, 116.847544 -22.481574, 116.84755 -22.481613, 116.847412 -22.481786, 116.847266 -22.481921, 116.847023 -22.482102, 116.846926 -22.482147, 116.846843 -22.482179, 116.84682 -22.482179))"
Intersection 313,490535.74773675296,7512893.987279109,1,3,20,4,"POLYGON ((116.908129 -22.490491, 116.907692 -22.490446, 116.907549 -22.490401, 116.907549 -22.490184, 116.907644 -22.490184, 116.908081 -22.490229, 116.908339 -22.490261, 116.908373 -22.490275, 116.908504 -22.490415, 116.908455 -22.49046, 116.908373 -22.490491, 116.908129 -22.490491))"
Intersection 314,486491.54625483794,7513316.519480738,2,3,20,4,"POLYGON ((116.869003 -22.486715, 116.868253 -22.486534, 116.868253 -22.486317, 116.86842 -22.486317, 116.868656 -22.486332, 116.869099 -22.486498, 116.869099 -22.486715, 116.869003 -22.486715))"
Intersection 315,506921.0243384165,7510119.251828131,1,3,20,4,"POLYGON ((117.067335 -22.515573, 117.067092 -22.515528, 117.066852 -22.515483, 117.066852 -22.515266, 117.067043 -22.515266, 117.067642 -22.515342, 117.067675 -22.515356, 117.067807 -22.515496, 117.067758 -22.515541, 117.067676 -22.515573, 117.067335 -22.515573))"
Intersection 316,515339.2599826251,7510510.4827288175,2,3,20,4,"POLYGON ((117.149237 -22.512279, 117.149038 -22.512222, 117.14894 -22.511525, 117.14894 -22.51148, 117.149105 -22.511372, 117.149139 -22.511403, 117.149237 -22.511538, 117.149285 -22.511629, 117.14932 -22.511705, 117.149352 -22.511847, 117.14932 -22.512157, 117.149286 -22.512234, 117.149237 -22.512279))"
Intersection 317,517496.6002400171,7509991.25653664,1,3,20,4,"POLYGON ((117.170062 -22.516984, 117.170032 -22.516956, 117.169997 -22.516879, 117.169949 -22.516744, 117.1699 -22.516563, 117.1699 -22.516428, 117.169934 -22.516351, 117.169982 -22.516261, 117.170128 -22.516125, 117.17021 -22.516093, 117.170259 -22.516093, 117.170376 -22.51618, 117.170376 -22.516201, 117.170231 -22.516879, 117.170062 -22.516984))"
Intersection 318,481491.15707749536,7512652.335311993,1,3,19,4,"POLYGON ((116.819834 -22.492835, 116.819834 -22.492522, 116.819868 -22.492445, 116.819966 -22.492265, 116.820112 -22.492084, 116.820174 -22.492026, 116.820339 -22.49218, 116.820067 -22.492835, 116.819834 -22.492835))"
Intersection 319,482430.21260960586,7515689.922208535,3,3,19,4,"POLYGON ((116.829059 -22.465326, 116.828894 -22.465173, 116.829284 -22.464766, 116.829333 -22.464721, 116.829483 -22.464843, 116.829546 -22.46492, 116.8294 -22.465055, 116.829059 -22.465326))"
Intersection 320,485176.97153867746,7512452.887757484,4,4,18,4,"POLYGON ((116.855718 -22.494594, 116.855609 -22.494455, 116.855594 -22.494378, 116.855609 -22.494365, 116.855774 -22.494211, 116.855935 -22.494062, 116.856066 -22.493986, 116.856088 -22.493986, 116.856183 -22.494094, 116.856182 -22.494139, 116.855927 -22.494497, 116.855718 -22.494594))"
Intersection 321,514891.10776991944,7509635.110063001,4,4,18,4,"POLYGON ((117.144426 -22.519904, 117.144425 -22.519687, 117.144719 -22.519569, 117.144952 -22.519569, 117.145091 -22.519601, 117.145156 -22.519689, 117.145165 -22.519807, 117.145099 -22.5199, 117.144593 -22.519903, 117.144426 -22.519904))"
Intersection 322,482080.0620960757,7515745.12416136,1,3,18,4,"POLYGON ((116.825702 -22.464927, 116.825653 -22.464794, 116.825654 -22.464432, 116.825751 -22.464161, 116.825786 -22.464085, 116.825815 -22.464057, 116.825985 -22.464162, 116.825984 -22.464252, 116.825935 -22.464927, 116.825702 -22.464927))"
Intersection 323,482100.7187507592,7515820.861043977,1,3,18,4,"POLYGON ((116.825969 -22.464221, 116.8258 -22.464116, 116.8258 -22.464026, 116.825835 -22.463651, 116.825849 -22.46362, 116.826 -22.463498, 116.826209 -22.463602, 116.82634 -22.463742, 116.825999 -22.464193, 116.825969 -22.464221))"
Intersection 324,481461.61859144113,7511085.527255071,3,5,17,4,"POLYGON ((116.819705 -22.506822, 116.819479 -22.506769, 116.819439 -22.506656, 116.819482 -22.506513, 116.819573 -22.506434, 116.819806 -22.506434, 116.820076 -22.506461, 116.820075 -22.506678, 116.819705 -22.506822))"
Intersection 325,518725.9027932977,7510297.545353576,2,5,17,4,"POLYGON ((117.181973 -22.514039, 117.181856 -22.513974, 117.181856 -22.51393, 117.182002 -22.513524, 117.182062 -22.51343, 117.182133 -22.513402, 117.182264 -22.513505, 117.182298 -22.513555, 117.182264 -22.513722, 117.182138 -22.51393, 117.182022 -22.514039, 117.181973 -22.514039))"
Intersection 326,515864.2994799983,7510645.944267918,3,5,16,4,"POLYGON ((117.154363 -22.510912, 117.154355 -22.510906, 117.154239 -22.510797, 117.153981 -22.510558, 117.153959 -22.510485, 117.153995 -22.510436, 117.15416 -22.510331, 117.154224 -22.510359, 117.154355 -22.510451, 117.154528 -22.510759, 117.154404 -22.510906, 117.154363 -22.510912))"
Intersection 327,485868.9133499848,7513613.750585981,1,3,16,4,"POLYGON ((116.862784 -22.484045, 116.862301 -22.483864, 116.862301 -22.483647, 116.862882 -22.483648, 116.862915 -22.483833, 116.862901 -22.483937, 116.862833 -22.484045, 116.862784 -22.484045))"
Intersection 328,482661.07357859414,7512360.8368414845,1,3,15,4,"POLYGON ((116.831565 -22.495353, 116.831288 -22.49514, 116.831274 -22.495127, 116.831108 -22.494973, 116.831109 -22.494928, 116.831225 -22.494865, 116.831274 -22.494865, 116.831502 -22.494987, 116.831517 -22.495001, 116.831682 -22.495154, 116.83173 -22.495245, 116.83173 -22.495274, 116.831614 -22.495353, 116.831565 -22.495353))"
Intersection 329,484479.56091153726,7514136.233686923,2,3,15,4,"POLYGON ((116.84905 -22.47941, 116.848868 -22.479317, 116.848868 -22.479272, 116.848902 -22.479195, 116.849118 -22.478786, 116.849243 -22.478789, 116.849339 -22.478855, 116.849408 -22.478942, 116.849329 -22.479053, 116.849067 -22.479394, 116.84905 -22.47941))"
Intersection 330,481260.5344560315,7514000.240184498,1,3,14,4,"POLYGON ((116.817861 -22.480581, 116.817697 -22.480427, 116.817663 -22.480098, 116.817663 -22.480018, 116.81778 -22.479989, 116.817828 -22.479989, 116.817896 -22.480018, 116.817945 -22.480098, 116.818008 -22.480383, 116.817973 -22.480568, 116.817861 -22.480581))"
Intersection 331,502529.73963278695,7510292.786765021,1,3,14,4,"POLYGON ((117.024712 -22.514017, 117.0246 -22.514004, 117.024357 -22.513959, 117.024275 -22.513927, 117.024235 -22.51389, 117.024357 -22.513742, 117.0244 -22.513737, 117.024843 -22.513742, 117.024911 -22.513941, 117.024911 -22.513986, 117.024712 -22.514017))"
Intersection 332,481399.2044966543,7513918.747619676,1,3,13,4,"POLYGON ((116.819132 -22.481322, 116.819057 -22.481215, 116.819008 -22.481106, 116.819072 -22.480734, 116.819305 -22.480735, 116.819341 -22.481225, 116.819132 -22.481322))"
Intersection 333,480972.4696165472,7514206.642170388,1,3,13,4,"POLYGON ((116.814996 -22.478726, 116.814831 -22.478572, 116.814895 -22.478378, 116.814944 -22.478242, 116.814992 -22.478163, 116.81506 -22.478134, 116.815109 -22.478134, 116.815226 -22.478163, 116.815225 -22.478243, 116.815142 -22.478527, 116.815094 -22.478635, 116.814996 -22.478726))"
Intersection 334,502640.8897905602,7510274.576635954,1,3,13,4,"POLYGON ((117.025864 -22.514185, 117.025509 -22.514153, 117.025475 -22.514139, 117.025344 -22.514, 117.025393 -22.513954, 117.025558 -22.513864, 117.025816 -22.513923, 117.025959 -22.513968, 117.025959 -22.514185, 117.025864 -22.514185))"
Intersection 335,518760.8391718852,7511007.144546609,1,3,13,4,"POLYGON ((117.182334 -22.507558, 117.182222 -22.507186, 117.182319 -22.507078, 117.182353 -22.507046, 117.182368 -22.507032, 117.182387 -22.507032, 117.182402 -22.507046, 117.182518 -22.507154, 117.182533 -22.507186, 117.182567 -22.507335, 117.182568 -22.507558, 117.182334 -22.507558))"
Intersection 336,493940.58810871,7512602.54851006,14,3,51,3,"POLYGON ((116.941279 -22.493262, 116.940939 -22.493217, 116.940648 -22.493172, 116.94058 -22.493063, 116.94058 -22.493018, 116.940745 -22.492729, 116.941037 -22.492729, 116.941425 -22.492774, 116.941493 -22.49282, 116.941542 -22.492883, 116.941542 -22.493154, 116.941514 -22.493262, 116.941279 -22.493262))"
Intersection 337,479894.6667879868,7514550.610128141,2,3,33,3,"POLYGON ((116.804351 -22.47569, 116.804128 -22.475402, 116.804129 -22.475185, 116.804611 -22.474829, 116.80478 -22.474933, 116.805003 -22.475186, 116.805003 -22.475403, 116.804585 -22.47569, 116.804351 -22.47569))"
Intersection 338,483093.60920591076,7511690.3245981885,9,3,33,3,"POLYGON ((116.835544 -22.501591, 116.835315 -22.501468, 116.835301 -22.501455, 116.835252 -22.50141, 116.83517 -22.501333, 116.835087 -22.501211, 116.835087 -22.50112, 116.835525 -22.500781, 116.835642 -22.500696, 116.835739 -22.500696, 116.835822 -22.500728, 116.835919 -22.500774, 116.835967 -22.500819, 116.83605 -22.500914, 116.836099 -22.500975, 116.836099 -22.500986, 116.835908 -22.501591, 116.835544 -22.501591))"
Intersection 339,480017.906273682,7514148.88224549,4,3,32,3,"POLYGON ((116.805979 -22.479297, 116.805466 -22.479243, 116.805466 -22.479026, 116.805495 -22.47862, 116.805582 -22.478439, 116.805679 -22.478439, 116.80581 -22.478516, 116.805859 -22.478562, 116.805941 -22.478684, 116.806144 -22.479144, 116.806018 -22.479289, 116.805979 -22.479297))"
Intersection 340,512437.91042108694,7510962.569347028,2,3,31,3,"POLYGON ((117.120662 -22.508089, 117.120551 -22.508044, 117.120545 -22.50798, 117.120545 -22.507935, 117.120551 -22.507827, 117.120739 -22.507381, 117.120973 -22.507381, 117.121374 -22.507781, 117.121374 -22.507998, 117.120857 -22.508088, 117.120662 -22.508089))"
Intersection 341,483133.39018383075,7513486.832590046,5,4,30,3,"POLYGON ((116.835709 -22.485284, 116.835641 -22.485221, 116.835616 -22.485109, 116.835912 -22.484435, 116.836044 -22.484422, 116.836445 -22.484978, 116.836506 -22.485086, 116.836506 -22.485176, 116.836444 -22.485195, 116.835855 -22.485285, 116.835709 -22.485284))"
Intersection 342,482823.8427447679,7515767.317497559,2,3,30,3,"POLYGON ((116.832749 -22.46471, 116.832749 -22.46453, 116.832798 -22.463931, 116.833032 -22.463931, 116.833448 -22.464242, 116.833448 -22.464459, 116.832982 -22.46471, 116.832749 -22.46471))"
Intersection 343,485161.7789392259,7512671.017758164,3,3,30,3,"POLYGON ((116.855678 -22.492621, 116.855416 -22.492377, 116.855416 -22.492241, 116.855436 -22.492133, 116.855679 -22.492043, 116.855997 -22.492043, 116.856013 -22.492405, 116.856013 -22.492621, 116.855678 -22.492621))"
Intersection 344,484127.25997764606,7513377.107199552,1,3,29,3,"POLYGON ((116.84526 -22.486152, 116.84526 -22.485935, 116.845624 -22.48571, 116.845658 -22.485696, 116.845867 -22.485665, 116.846059 -22.485665, 116.846058 -22.485882, 116.845987 -22.486153, 116.84526 -22.486152))"
Intersection 345,480989.61513633904,7514302.673177425,1,3,28,3,"POLYGON ((116.815138 -22.477879, 116.814719 -22.4774, 116.814818 -22.477231, 116.814916 -22.477231, 116.81511 -22.477276, 116.815642 -22.477412, 116.815641 -22.477629, 116.815372 -22.477879, 116.815138 -22.477879))"
Intersection 346,485895.7756588097,7513304.083540538,1,3,28,3,"POLYGON ((116.862678 -22.487026, 116.862604 -22.486981, 116.862519 -22.486894, 116.862519 -22.486872, 116.862665 -22.48616, 116.862898 -22.486161, 116.86335 -22.486616, 116.86329 -22.486801, 116.862732 -22.487026, 116.862678 -22.487026))"
Intersection 347,493839.8518248494,7512616.321236967,1,3,27,3,"POLYGON ((116.940259 -22.493126, 116.93963 -22.492945, 116.93963 -22.492729, 116.940259 -22.492638, 116.940356 -22.492638, 116.940491 -22.492684, 116.94049 -22.492901, 116.940476 -22.493126, 116.940259 -22.493126))"
Intersection 348,483920.0303077709,7512954.35604602,2,3,26,3,"POLYGON ((116.843626 -22.490035, 116.843529 -22.48999, 116.843398 -22.489913, 116.84335 -22.489868, 116.843385 -22.489683, 116.843527 -22.489535, 116.843692 -22.489382, 116.843807 -22.489489, 116.843967 -22.489683, 116.843967 -22.4899, 116.843918 -22.489945, 116.843772 -22.490035, 116.843626 -22.490035))"
Intersection 349,483776.9273166446,7517223.416610652,2,3,24,3,"POLYGON ((116.842017 -22.451368, 116.841875 -22.451323, 116.841875 -22.451106, 116.842698 -22.450971, 116.842701 -22.450971, 116.842815 -22.45108, 116.842815 -22.451125, 116.842698 -22.451233, 116.842586 -22.451292, 116.842406 -22.451368, 116.842017 -22.451368))"
Intersection 350,485870.30496311747,7513034.29047211,4,3,24,3,"POLYGON ((116.862565 -22.489469, 116.86242 -22.488724, 116.86242 -22.488679, 116.862536 -22.488616, 116.862617 -22.4886, 116.862619 -22.488603, 116.862702 -22.488724, 116.862828 -22.489023, 116.862827 -22.48924, 116.862798 -22.489469, 116.862565 -22.489469))"
Intersection 351,512542.9785582898,7510963.4263164345,3,3,24,3,"POLYGON ((117.121516 -22.507998, 117.121503 -22.507813, 117.121516 -22.507781, 117.121634 -22.507736, 117.122266 -22.507509, 117.122315 -22.507509, 117.122431 -22.507586, 117.122431 -22.507618, 117.122322 -22.50775, 117.122203 -22.50783, 117.122072 -22.507907, 117.121994 -22.507934, 117.121926 -22.507952, 117.121586 -22.507998, 117.121516 -22.507998))"
Intersection 352,481526.5719674995,7513562.217552725,1,3,23,3,"POLYGON ((116.82069 -22.484546, 116.820302 -22.484319, 116.820171 -22.484242, 116.819984 -22.484069, 116.820108 -22.483922, 116.820149 -22.483916, 116.82079 -22.484329, 116.820807 -22.484392, 116.820807 -22.484437, 116.82079 -22.484546, 116.82069 -22.484546))"
Intersection 353,481973.69433812384,7511355.726784559,2,3,23,3,"POLYGON ((116.824651 -22.504605, 116.824534 -22.504554, 116.824534 -22.504497, 116.824632 -22.504, 116.824681 -22.503755, 116.824914 -22.503755, 116.824914 -22.504, 116.824865 -22.504271, 116.824816 -22.504497, 116.824767 -22.504554, 116.824699 -22.504606, 116.824651 -22.504605))"
Intersection 354,484191.2724809357,7513778.597962057,2,3,23,3,"POLYGON ((116.845888 -22.482539, 116.845888 -22.482322, 116.846649 -22.482052, 116.846697 -22.482052, 116.846765 -22.48216, 116.846789 -22.482228, 116.84678 -22.482237, 116.846634 -22.482327, 116.846537 -22.482372, 116.846357 -22.482449, 116.846065 -22.482539, 116.845888 -22.482539))"
Intersection 355,484232.75573395286,7517260.855275256,1,3,23,3,"POLYGON ((116.846585 -22.451282, 116.846517 -22.451216, 116.846503 -22.451097, 116.846518 -22.450857, 116.846567 -22.450767, 116.846795 -22.45051, 116.846844 -22.450465, 116.846927 -22.450433, 116.846975 -22.450433, 116.847075 -22.450602, 116.846751 -22.451216, 116.846634 -22.451282, 116.846585 -22.451282))"
Intersection 356,484154.53737159754,7517633.881707875,1,3,23,3,"POLYGON ((116.8462 -22.447894, 116.846084 -22.447807, 116.84555 -22.447243, 116.84555 -22.447238, 116.845667 -22.447134, 116.845764 -22.447135, 116.845846 -22.447166, 116.846041 -22.447257, 116.846186 -22.447347, 116.846235 -22.447393, 116.846317 -22.447515, 116.846332 -22.447709, 116.846317 -22.447807, 116.846249 -22.447894, 116.8462 -22.447894))"
Intersection 357,490967.8000623821,7512873.813346719,1,3,23,3,"POLYGON ((116.911726 -22.490674, 116.911727 -22.490457, 116.912504 -22.490367, 116.912553 -22.490367, 116.91267 -22.49038, 116.91267 -22.490476, 116.912504 -22.490629, 116.912489 -22.490643, 116.912407 -22.490674, 116.911726 -22.490674))"
Intersection 358,507158.56541946874,7510151.901781415,7,3,23,3,"POLYGON ((117.070009 -22.515301, 117.069156 -22.515211, 117.069114 -22.515102, 117.069114 -22.515012, 117.069156 -22.514994, 117.069766 -22.514994, 117.06996 -22.515039, 117.070043 -22.51507, 117.070077 -22.515102, 117.070091 -22.515116, 117.070023 -22.515301, 117.070009 -22.515301))"
Intersection 359,512388.09183898073,7510967.452371017,2,3,23,3,"POLYGON ((117.120662 -22.508089, 117.120468 -22.508044, 117.120336 -22.507967, 117.120273 -22.507908, 117.120239 -22.507877, 117.120205 -22.5078, 117.120205 -22.507348, 117.120438 -22.507348, 117.120779 -22.507935, 117.120779 -22.50798, 117.120686 -22.508089, 117.120662 -22.508089))"
Intersection 360,514094.15723622125,7510275.655679703,1,3,23,3,"POLYGON ((117.13744 -22.514263, 117.13676 -22.514083, 117.136677 -22.514052, 117.13658 -22.514007, 117.13654 -22.51397, 117.136662 -22.513821, 117.136837 -22.513704, 117.137036 -22.513672, 117.137474 -22.514033, 117.137523 -22.514078, 117.137443 -22.514263, 117.13744 -22.514263))"
Intersection 361,481490.34789453726,7513077.092666243,1,3,22,3,"POLYGON ((116.819693 -22.48891, 116.819693 -22.488772, 116.819776 -22.488606, 116.819791 -22.488592, 116.819956 -22.488438, 116.819971 -22.488425, 116.820053 -22.488393, 116.820248 -22.488348, 116.820431 -22.488349, 116.820431 -22.488566, 116.819926 -22.488911, 116.819693 -22.48891))"
Intersection 362,478768.2238544209,7514084.912490555,1,3,22,3,"POLYGON ((116.793232 -22.47977, 116.793118 -22.479661, 116.793118 -22.479616, 116.793235 -22.479508, 116.793882 -22.479224, 116.793965 -22.479193, 116.794013 -22.479193, 116.794097 -22.479376, 116.794095 -22.479378, 116.793852 -22.479513, 116.793658 -22.479603, 116.793478 -22.47968, 116.793235 -22.47977, 116.793232 -22.47977))"
Intersection 363,479461.2632471077,7514190.223159972,1,3,22,3,"POLYGON ((116.800493 -22.478934, 116.800444 -22.478889, 116.799967 -22.478308, 116.80009 -22.478162, 116.800132 -22.478155, 116.80027 -22.478239, 116.800284 -22.478252, 116.800498 -22.478451, 116.800512 -22.478465, 116.800595 -22.478587, 116.800692 -22.478858, 116.800692 -22.47886, 116.800493 -22.478934))"
Intersection 364,482886.01329992426,7513309.71902748,2,3,22,3,"POLYGON ((116.833325 -22.486863, 116.833214 -22.486705, 116.833452 -22.486438, 116.833583 -22.486362, 116.833681 -22.486317, 116.833763 -22.486285, 116.833909 -22.48624, 116.834005 -22.48624, 116.834026 -22.486349, 116.834026 -22.486394, 116.834005 -22.486457, 116.833374 -22.486863, 116.833325 -22.486863))"
Intersection 365,484310.2833457484,7513332.315197321,1,3,22,3,"POLYGON ((116.847599 -22.486771, 116.847582 -22.486755, 116.847155 -22.486199, 116.847156 -22.485982, 116.847325 -22.485982, 116.847505 -22.486059, 116.847602 -22.48615, 116.847636 -22.486227, 116.847781 -22.486588, 116.847781 -22.486678, 116.847599 -22.486771))"
Intersection 366,485632.69995472714,7514030.576371417,1,3,22,3,"POLYGON ((116.860289 -22.480446, 116.860241 -22.480276, 116.860192 -22.48005, 116.860144 -22.479779, 116.860144 -22.479646, 116.860377 -22.479646, 116.860426 -22.479779, 116.860523 -22.480276, 116.860522 -22.480446, 116.860289 -22.480446))"
Intersection 367,494759.4787028574,7512851.503826615,1,3,22,3,"POLYGON ((116.949136 -22.4911, 116.948743 -22.4906, 116.948698 -22.490536, 116.948698 -22.490491, 116.948743 -22.490383, 116.948815 -22.490383, 116.948912 -22.490428, 116.949043 -22.490505, 116.949058 -22.490518, 116.949223 -22.490672, 116.949286 -22.490731, 116.94932 -22.490808, 116.949369 -22.490988, 116.949369 -22.4911, 116.949136 -22.4911))"
Intersection 368,514858.1897573339,7509960.970722771,1,3,22,3,"POLYGON ((117.14427 -22.517174, 117.144201 -22.517148, 117.144084 -22.517085, 117.144084 -22.51704, 117.144327 -22.516724, 117.144701 -22.516466, 117.144784 -22.516434, 117.144807 -22.516434, 117.144866 -22.516619, 117.14427 -22.517174))"
Intersection 369,481623.2028142079,7513154.040933249,1,3,21,3,"POLYGON ((116.821171 -22.48834, 116.821055 -22.488254, 116.821055 -22.488232, 116.821347 -22.487512, 116.821581 -22.487513, 116.82158 -22.487871, 116.821546 -22.487948, 116.821449 -22.488128, 116.821351 -22.488264, 116.821302 -22.488309, 116.82122 -22.488341, 116.821171 -22.48834))"
Intersection 370,481412.6153502375,7514424.315437066,1,3,21,3,"POLYGON ((116.819193 -22.476865, 116.819077 -22.476804, 116.819077 -22.476757, 116.819272 -22.476034, 116.819505 -22.476034, 116.819505 -22.476531, 116.819471 -22.476608, 116.819359 -22.476757, 116.81931 -22.476804, 116.819242 -22.476865, 116.819193 -22.476865))"
Intersection 371,481935.13965570333,7514731.767480952,1,3,21,3,"POLYGON ((116.824787 -22.47389, 116.824495 -22.473845, 116.824301 -22.473799, 116.824009 -22.473709, 116.823893 -22.4736, 116.823893 -22.473555, 116.823986 -22.473447, 116.824009 -22.473447, 116.824787 -22.473628, 116.824903 -22.473737, 116.824903 -22.473782, 116.824824 -22.47389, 116.824787 -22.47389))"
Intersection 372,482161.1945554329,7513249.416486778,2,3,21,3,"POLYGON ((116.826957 -22.487263, 116.826132 -22.487126, 116.826132 -22.486909, 116.826569 -22.48691, 116.826763 -22.486955, 116.826909 -22.487001, 116.826991 -22.487033, 116.82704 -22.487078, 116.826988 -22.487263, 116.826957 -22.487263))"
Intersection 373,485872.19967599754,7512924.66867286,2,3,21,3,"POLYGON ((116.86267 -22.490494, 116.862646 -22.490472, 116.862549 -22.490292, 116.862515 -22.490215, 116.862467 -22.489989, 116.862467 -22.489854, 116.862516 -22.489629, 116.862749 -22.489629, 116.862846 -22.490351, 116.862846 -22.490396, 116.86267 -22.490494))"
Intersection 374,502406.40801344346,7510311.415593662,1,3,21,3,"POLYGON ((117.023774 -22.513869, 117.022947 -22.513778, 117.022947 -22.513562, 117.023385 -22.513562, 117.023725 -22.513607, 117.023808 -22.513638, 117.023856 -22.513684, 117.023811 -22.513869, 117.023774 -22.513869))"
Intersection 375,514740.27312712994,7509770.703517806,2,3,21,3,"POLYGON ((117.143114 -22.518932, 117.143114 -22.518712, 117.143162 -22.518532, 117.143211 -22.518396, 117.143293 -22.518229, 117.143342 -22.518139, 117.14339 -22.518093, 117.14359 -22.518157, 117.14359 -22.51817, 117.143347 -22.518932, 117.143114 -22.518932))"
Intersection 376,518611.73084122274,7510135.901391051,1,3,21,3,"POLYGON ((117.180542 -22.51544, 117.180531 -22.515255, 117.180542 -22.515224, 117.18126 -22.514938, 117.181459 -22.51501, 117.181459 -22.515015, 117.181425 -22.515092, 117.181376 -22.515137, 117.181245 -22.515214, 117.181148 -22.515259, 117.180905 -22.51535, 117.180614 -22.51544, 117.180542 -22.51544))"
Intersection 377,482540.80740575993,7513224.403462627,1,3,20,3,"POLYGON ((116.830602 -22.487492, 116.829825 -22.487356, 116.829825 -22.487139, 116.83036 -22.48714, 116.830442 -22.487172, 116.830636 -22.487262, 116.830734 -22.487308, 116.830751 -22.487323, 116.830651 -22.487492, 116.830602 -22.487492))"
Intersection 378,484294.99803934776,7518417.932162192,1,3,20,3,"POLYGON ((116.847034 -22.440667, 116.846918 -22.440588, 116.846918 -22.440559, 116.847049 -22.440392, 116.847195 -22.440257, 116.847278 -22.440225, 116.847472 -22.44018, 116.847809 -22.44018, 116.847809 -22.440397, 116.847083 -22.440667, 116.847034 -22.440667))"
Intersection 379,485601.3813679139,7514315.533723861,1,3,20,3,"POLYGON ((116.860049 -22.477833, 116.859754 -22.477312, 116.859743 -22.47728, 116.859754 -22.477095, 116.859826 -22.477095, 116.859908 -22.477127, 116.860006 -22.477172, 116.860117 -22.477276, 116.860234 -22.477385, 116.860282 -22.477475, 116.860282 -22.477834, 116.860049 -22.477833))"
Intersection 380,514200.5075960676,7510232.986106079,1,3,20,3,"POLYGON ((117.138462 -22.514579, 117.138073 -22.514489, 117.137781 -22.514399, 117.137601 -22.514322, 117.137584 -22.514306, 117.137683 -22.514137, 117.137781 -22.514137, 117.138413 -22.514317, 117.138495 -22.514349, 117.138544 -22.514394, 117.138499 -22.514579, 117.138462 -22.514579))"
Intersection 381,511515.55687643983,7510328.09460286,1,3,19,3,"POLYGON ((117.111538 -22.513741, 117.111538 -22.513525, 117.112353 -22.513253, 117.112356 -22.513253, 117.112436 -22.513438, 117.112387 -22.513483, 117.112193 -22.513574, 117.11211 -22.513606, 117.111867 -22.513696, 117.111673 -22.513741, 117.111538 -22.513741))"
Intersection 382,515286.5921888541,7510618.750018689,2,7,18,3,"POLYGON ((117.148708 -22.511174, 117.148682 -22.51115, 117.148461 -22.51086, 117.14839 -22.510744, 117.148387 -22.510655, 117.148472 -22.510604, 117.148615 -22.51057, 117.148686 -22.510667, 117.148847 -22.510952, 117.148881 -22.511028, 117.148881 -22.511073, 117.148708 -22.511174))"
Intersection 383,515127.68028409575,7510331.28359279,1,3,18,3,"POLYGON ((117.147032 -22.513772, 117.146969 -22.513713, 117.146949 -22.51365, 117.146949 -22.513514, 117.146997 -22.513201, 117.147231 -22.513201, 117.147245 -22.513257, 117.147231 -22.513514, 117.147197 -22.513618, 117.147183 -22.51365, 117.147032 -22.513772))"
Intersection 384,482582.1375889962,7515033.055657571,1,3,17,3,"POLYGON ((116.830457 -22.471213, 116.830457 -22.471077, 116.830477 -22.470969, 116.830817 -22.470653, 116.830849 -22.470653, 116.830934 -22.470762, 116.830934 -22.470852, 116.83069 -22.471213, 116.830457 -22.471213))"
Intersection 385,503505.82316790643,7511632.002260325,1,3,17,3,"POLYGON ((117.034154 -22.502058, 117.034141 -22.502046, 117.033883 -22.501761, 117.033864 -22.501698, 117.033864 -22.501517, 117.034097 -22.501517, 117.03434 -22.501924, 117.03434 -22.501969, 117.034223 -22.502032, 117.034154 -22.502058))"
Intersection 386,483867.8258177894,7519164.431419998,1,3,15,3,"POLYGON ((116.843252 -22.433798, 116.842961 -22.433752, 116.842941 -22.433644, 116.842941 -22.433509, 116.843141 -22.433477, 116.843532 -22.433581, 116.843532 -22.433798, 116.843252 -22.433798))"
Intersection 387,481458.52862488735,7512860.25820238,1,3,14,3,"POLYGON ((116.819725 -22.490882, 116.819676 -22.490837, 116.819579 -22.490728, 116.819643 -22.490308, 116.819876 -22.490308, 116.81989 -22.490729, 116.819875 -22.49076, 116.819744 -22.490882, 116.819725 -22.490882))"
Intersection 388,479382.04874654184,7514614.458127379,1,3,14,3,"POLYGON ((116.799706 -22.474945, 116.799589 -22.474927, 116.799429 -22.474732, 116.799298 -22.474565, 116.799298 -22.474534, 116.799415 -22.474457, 116.799464 -22.474457, 116.799546 -22.474489, 116.799803 -22.474728, 116.799823 -22.474791, 116.799823 -22.474927, 116.799803 -22.474945, 116.799706 -22.474945))"
Intersection 389,480716.1780903641,7515309.763155755,1,3,14,3,"POLYGON ((116.812594 -22.468591, 116.812303 -22.468501, 116.812284 -22.468392, 116.812284 -22.468302, 116.812303 -22.468284, 116.812449 -22.468284, 116.812826 -22.468375, 116.812826 -22.468592, 116.812594 -22.468591))"
Intersection 390,518749.06136840273,7510560.247751175,1,3,13,3,"POLYGON ((117.182325 -22.511658, 117.182194 -22.511536, 117.182179 -22.511504, 117.182145 -22.511355, 117.182144 -22.511087, 117.182378 -22.511087, 117.18249 -22.511504, 117.182393 -22.511612, 117.182344 -22.511658, 117.182325 -22.511658))"
Intersection 391,516054.8061590867,7510581.06667834,13,4,10,3,"POLYGON ((117.156122 -22.51137, 117.156121 -22.511369, 117.155892 -22.511112, 117.155892 -22.511108, 117.156008 -22.511003, 117.156018 -22.511003, 117.15609 -22.511048, 117.156286 -22.511216, 117.156287 -22.511216, 117.15632 -22.511291, 117.15632 -22.511292, 117.156177 -22.511356, 117.156122 -22.51137))"
